<annotation>
    <folder>the_office</folder>
    <filename>dwight (87).jpg</filename>
    <size>
        <width>250</width>
        <height>202</height>
        <depth>3</depth>
    </size>
    <segmented>0</segmented>
    <object>
        <name>Dwight Schrute</name>
        <pose>Unspecified</pose>
        <truncated>0</truncated>
        <occluded>0</occluded>
        <difficult>0</difficult>
        <bndbox>
            <xmin>10</xmin>
            <ymin>10</ymin>
            <xmax>111</xmax>
            <ymax>147</ymax>
        </bndbox>
    </object>
</annotation>