<annotation>
    <folder>the_office</folder>
    <filename>dwight (93).jpg</filename>
    <size>
        <width>183</width>
        <height>275</height>
        <depth>3</depth>
    </size>
    <segmented>0</segmented>
    <object>
        <name>Dwight Schrute</name>
        <pose>Unspecified</pose>
        <truncated>0</truncated>
        <occluded>0</occluded>
        <difficult>0</difficult>
        <bndbox>
            <xmin>33</xmin>
            <ymin>30</ymin>
            <xmax>133</xmax>
            <ymax>154</ymax>
        </bndbox>
    </object>
</annotation>