<annotation>
    <folder>the_office</folder>
    <filename>dwight (34).jpg</filename>
    <size>
        <width>238</width>
        <height>205</height>
        <depth>3</depth>
    </size>
    <segmented>0</segmented>
    <object>
        <name>Dwight Schrute</name>
        <pose>Unspecified</pose>
        <truncated>0</truncated>
        <occluded>0</occluded>
        <difficult>0</difficult>
        <bndbox>
            <xmin>101</xmin>
            <ymin>12</ymin>
            <xmax>193</xmax>
            <ymax>121</ymax>
        </bndbox>
    </object>
</annotation>