<annotation>
    <folder>the_office</folder>
    <filename>dwight (33).jpg</filename>
    <size>
        <width>225</width>
        <height>225</height>
        <depth>3</depth>
    </size>
    <segmented>0</segmented>
    <object>
        <name>Dwight Schrute</name>
        <pose>Unspecified</pose>
        <truncated>0</truncated>
        <occluded>0</occluded>
        <difficult>0</difficult>
        <bndbox>
            <xmin>50</xmin>
            <ymin>11</ymin>
            <xmax>159</xmax>
            <ymax>146</ymax>
        </bndbox>
    </object>
</annotation>