<annotation>
    <folder>the_office</folder>
    <filename>dwight (13).jpg</filename>
    <size>
        <width>263</width>
        <height>192</height>
        <depth>3</depth>
    </size>
    <segmented>0</segmented>
    <object>
        <name>Dwight Schrute</name>
        <pose>Unspecified</pose>
        <truncated>0</truncated>
        <occluded>0</occluded>
        <difficult>0</difficult>
        <bndbox>
            <xmin>83</xmin>
            <ymin>10</ymin>
            <xmax>188</xmax>
            <ymax>138</ymax>
        </bndbox>
    </object>
</annotation>