<annotation>
    <folder>the_office</folder>
    <filename>dwight (67).jpg</filename>
    <size>
        <width>277</width>
        <height>182</height>
        <depth>3</depth>
    </size>
    <segmented>0</segmented>
    <object>
        <name>Dwight Schrute</name>
        <pose>Unspecified</pose>
        <truncated>0</truncated>
        <occluded>0</occluded>
        <difficult>0</difficult>
        <bndbox>
            <xmin>151</xmin>
            <ymin>19</ymin>
            <xmax>191</xmax>
            <ymax>70</ymax>
        </bndbox>
    </object>
</annotation>