<annotation>
    <folder>the_office</folder>
    <filename>dwight (18).jpg</filename>
    <size>
        <width>263</width>
        <height>192</height>
        <depth>3</depth>
    </size>
    <segmented>0</segmented>
    <object>
        <name>Dwight Schrute</name>
        <pose>Unspecified</pose>
        <truncated>0</truncated>
        <occluded>0</occluded>
        <difficult>0</difficult>
        <bndbox>
            <xmin>151</xmin>
            <ymin>13</ymin>
            <xmax>230</xmax>
            <ymax>119</ymax>
        </bndbox>
    </object>
</annotation>