<annotation>
    <folder>the_office</folder>
    <filename>dwight (36).jpg</filename>
    <size>
        <width>293</width>
        <height>172</height>
        <depth>3</depth>
    </size>
    <segmented>0</segmented>
    <object>
        <name>Dwight Schrute</name>
        <pose>Unspecified</pose>
        <truncated>0</truncated>
        <occluded>0</occluded>
        <difficult>0</difficult>
        <bndbox>
            <xmin>123</xmin>
            <ymin>13</ymin>
            <xmax>193</xmax>
            <ymax>75</ymax>
        </bndbox>
    </object>
</annotation>