<annotation>
    <folder>the_office</folder>
    <filename>dwight (42).jpg</filename>
    <size>
        <width>289</width>
        <height>174</height>
        <depth>3</depth>
    </size>
    <segmented>0</segmented>
    <object>
        <name>Dwight Schrute</name>
        <pose>Unspecified</pose>
        <truncated>0</truncated>
        <occluded>0</occluded>
        <difficult>0</difficult>
        <bndbox>
            <xmin>129</xmin>
            <ymin>6</ymin>
            <xmax>281</xmax>
            <ymax>156</ymax>
        </bndbox>
    </object>
</annotation>