<annotation>
    <folder>the_office</folder>
    <filename>dwight (23).jpg</filename>
    <size>
        <width>284</width>
        <height>177</height>
        <depth>3</depth>
    </size>
    <segmented>0</segmented>
    <object>
        <name>Dwight Schrute</name>
        <pose>Unspecified</pose>
        <truncated>0</truncated>
        <occluded>0</occluded>
        <difficult>0</difficult>
        <bndbox>
            <xmin>87</xmin>
            <ymin>13</ymin>
            <xmax>192</xmax>
            <ymax>126</ymax>
        </bndbox>
    </object>
</annotation>