<annotation>
    <folder>the_office</folder>
    <filename>dwight (41).jpg</filename>
    <size>
        <width>282</width>
        <height>179</height>
        <depth>3</depth>
    </size>
    <segmented>0</segmented>
    <object>
        <name>Dwight Schrute</name>
        <pose>Unspecified</pose>
        <truncated>0</truncated>
        <occluded>0</occluded>
        <difficult>0</difficult>
        <bndbox>
            <xmin>49</xmin>
            <ymin>10</ymin>
            <xmax>112</xmax>
            <ymax>75</ymax>
        </bndbox>
    </object>
    <object>
        <name>Dwight Schrute</name>
        <pose>Unspecified</pose>
        <truncated>0</truncated>
        <occluded>0</occluded>
        <difficult>0</difficult>
        <bndbox>
            <xmin>174</xmin>
            <ymin>15</ymin>
            <xmax>254</xmax>
            <ymax>106</ymax>
        </bndbox>
    </object>
</annotation>