<annotation>
    <folder>the_office</folder>
    <filename>dwight (37).jpg</filename>
    <size>
        <width>261</width>
        <height>193</height>
        <depth>3</depth>
    </size>
    <segmented>0</segmented>
    <object>
        <name>Dwight Schrute</name>
        <pose>Unspecified</pose>
        <truncated>0</truncated>
        <occluded>0</occluded>
        <difficult>0</difficult>
        <bndbox>
            <xmin>118</xmin>
            <ymin>4</ymin>
            <xmax>231</xmax>
            <ymax>122</ymax>
        </bndbox>
    </object>
</annotation>