<annotation>
    <folder>the_office</folder>
    <filename>dwight (3).jpg</filename>
    <size>
        <width>300</width>
        <height>163</height>
        <depth>3</depth>
    </size>
    <segmented>0</segmented>
    <object>
        <name>Dwight Schrute</name>
        <pose>Unspecified</pose>
        <truncated>0</truncated>
        <occluded>0</occluded>
        <difficult>0</difficult>
        <bndbox>
            <xmin>64</xmin>
            <ymin>7</ymin>
            <xmax>216</xmax>
            <ymax>139</ymax>
        </bndbox>
    </object>
</annotation>