<annotation>
    <folder>the_office</folder>
    <filename>dwight (31).jpg</filename>
    <size>
        <width>273</width>
        <height>184</height>
        <depth>3</depth>
    </size>
    <segmented>0</segmented>
    <object>
        <name>Dwight Schrute</name>
        <pose>Unspecified</pose>
        <truncated>0</truncated>
        <occluded>0</occluded>
        <difficult>0</difficult>
        <bndbox>
            <xmin>13</xmin>
            <ymin>6</ymin>
            <xmax>131</xmax>
            <ymax>160</ymax>
        </bndbox>
    </object>
</annotation>