<annotation>
    <folder>the_office</folder>
    <filename>dwight (30).jpg</filename>
    <size>
        <width>213</width>
        <height>237</height>
        <depth>3</depth>
    </size>
    <segmented>0</segmented>
    <object>
        <name>Dwight Schrute</name>
        <pose>Unspecified</pose>
        <truncated>0</truncated>
        <occluded>0</occluded>
        <difficult>0</difficult>
        <bndbox>
            <xmin>42</xmin>
            <ymin>125</ymin>
            <xmax>112</xmax>
            <ymax>202</ymax>
        </bndbox>
    </object>
    <object>
        <name>Dwight Schrute</name>
        <pose>Unspecified</pose>
        <truncated>0</truncated>
        <occluded>0</occluded>
        <difficult>0</difficult>
        <bndbox>
            <xmin>47</xmin>
            <ymin>8</ymin>
            <xmax>116</xmax>
            <ymax>83</ymax>
        </bndbox>
    </object>
</annotation>