<annotation>
    <folder>the_office</folder>
    <filename>dwight (64).jpg</filename>
    <size>
        <width>259</width>
        <height>194</height>
        <depth>3</depth>
    </size>
    <segmented>0</segmented>
    <object>
        <name>Dwight Schrute</name>
        <pose>Unspecified</pose>
        <truncated>0</truncated>
        <occluded>0</occluded>
        <difficult>0</difficult>
        <bndbox>
            <xmin>119</xmin>
            <ymin>20</ymin>
            <xmax>236</xmax>
            <ymax>140</ymax>
        </bndbox>
    </object>
</annotation>