<annotation>
    <folder>the_office</folder>
    <filename>dwight (17).jpg</filename>
    <size>
        <width>225</width>
        <height>225</height>
        <depth>3</depth>
    </size>
    <segmented>0</segmented>
    <object>
        <name>Dwight Schrute</name>
        <pose>Unspecified</pose>
        <truncated>0</truncated>
        <occluded>0</occluded>
        <difficult>0</difficult>
        <bndbox>
            <xmin>54</xmin>
            <ymin>17</ymin>
            <xmax>189</xmax>
            <ymax>197</ymax>
        </bndbox>
    </object>
</annotation>