<annotation>
    <folder>the_office</folder>
    <filename>dwight (78).jpg</filename>
    <size>
        <width>300</width>
        <height>168</height>
        <depth>3</depth>
    </size>
    <segmented>0</segmented>
    <object>
        <name>Dwight Schrute</name>
        <pose>Unspecified</pose>
        <truncated>0</truncated>
        <occluded>0</occluded>
        <difficult>0</difficult>
        <bndbox>
            <xmin>87</xmin>
            <ymin>9</ymin>
            <xmax>196</xmax>
            <ymax>114</ymax>
        </bndbox>
    </object>
</annotation>