<annotation>
    <folder>the_office</folder>
    <filename>dwight (26).jpg</filename>
    <size>
        <width>219</width>
        <height>230</height>
        <depth>3</depth>
    </size>
    <segmented>0</segmented>
    <object>
        <name>Dwight Schrute</name>
        <pose>Unspecified</pose>
        <truncated>0</truncated>
        <occluded>0</occluded>
        <difficult>0</difficult>
        <bndbox>
            <xmin>52</xmin>
            <ymin>9</ymin>
            <xmax>174</xmax>
            <ymax>133</ymax>
        </bndbox>
    </object>
</annotation>