<annotation>
    <folder>the_office</folder>
    <filename>dwight (35).jpg</filename>
    <size>
        <width>247</width>
        <height>204</height>
        <depth>3</depth>
    </size>
    <segmented>0</segmented>
    <object>
        <name>Dwight Schrute</name>
        <pose>Unspecified</pose>
        <truncated>0</truncated>
        <occluded>0</occluded>
        <difficult>0</difficult>
        <bndbox>
            <xmin>76</xmin>
            <ymin>14</ymin>
            <xmax>214</xmax>
            <ymax>175</ymax>
        </bndbox>
    </object>
</annotation>