<annotation>
    <folder>the_office</folder>
    <filename>dwight.jpg</filename>
    <size>
        <width>189</width>
        <height>267</height>
        <depth>3</depth>
    </size>
    <segmented>0</segmented>
    <object>
        <name>Dwight Schrute</name>
        <pose>Unspecified</pose>
        <truncated>0</truncated>
        <occluded>0</occluded>
        <difficult>0</difficult>
        <bndbox>
            <xmin>51</xmin>
            <ymin>25</ymin>
            <xmax>157</xmax>
            <ymax>146</ymax>
        </bndbox>
    </object>
</annotation>