<annotation>
    <folder>the_office</folder>
    <filename>dwight (46).jpg</filename>
    <size>
        <width>211</width>
        <height>239</height>
        <depth>3</depth>
    </size>
    <segmented>0</segmented>
    <object>
        <name>Dwight Schrute</name>
        <pose>Unspecified</pose>
        <truncated>0</truncated>
        <occluded>0</occluded>
        <difficult>0</difficult>
        <bndbox>
            <xmin>12</xmin>
            <ymin>3</ymin>
            <xmax>92</xmax>
            <ymax>103</ymax>
        </bndbox>
    </object>
</annotation>