<annotation>
    <folder>the_office</folder>
    <filename>dwight (55).jpg</filename>
    <size>
        <width>218</width>
        <height>231</height>
        <depth>3</depth>
    </size>
    <segmented>0</segmented>
    <object>
        <name>Dwight Schrute</name>
        <pose>Unspecified</pose>
        <truncated>0</truncated>
        <occluded>0</occluded>
        <difficult>0</difficult>
        <bndbox>
            <xmin>40</xmin>
            <ymin>12</ymin>
            <xmax>155</xmax>
            <ymax>140</ymax>
        </bndbox>
    </object>
</annotation>