<annotation>
    <folder>the_office</folder>
    <filename>dwight (28).jpg</filename>
    <size>
        <width>196</width>
        <height>257</height>
        <depth>3</depth>
    </size>
    <segmented>0</segmented>
    <object>
        <name>Dwight Schrute</name>
        <pose>Unspecified</pose>
        <truncated>0</truncated>
        <occluded>0</occluded>
        <difficult>0</difficult>
        <bndbox>
            <xmin>71</xmin>
            <ymin>14</ymin>
            <xmax>139</xmax>
            <ymax>85</ymax>
        </bndbox>
    </object>
</annotation>