<annotation>
    <folder>the_office</folder>
    <filename>dwight (72).jpg</filename>
    <size>
        <width>297</width>
        <height>168</height>
        <depth>3</depth>
    </size>
    <segmented>0</segmented>
    <object>
        <name>Dwight Schrute</name>
        <pose>Unspecified</pose>
        <truncated>0</truncated>
        <occluded>0</occluded>
        <difficult>0</difficult>
        <bndbox>
            <xmin>85</xmin>
            <ymin>5</ymin>
            <xmax>210</xmax>
            <ymax>143</ymax>
        </bndbox>
    </object>
</annotation>