<annotation>
    <folder>the_office</folder>
    <filename>dwight (68).jpg</filename>
    <size>
        <width>194</width>
        <height>187</height>
        <depth>3</depth>
    </size>
    <segmented>0</segmented>
    <object>
        <name>Dwight Schrute</name>
        <pose>Unspecified</pose>
        <truncated>0</truncated>
        <occluded>0</occluded>
        <difficult>0</difficult>
        <bndbox>
            <xmin>59</xmin>
            <ymin>32</ymin>
            <xmax>146</xmax>
            <ymax>128</ymax>
        </bndbox>
    </object>
</annotation>