<annotation>
    <folder>the_office</folder>
    <filename>dwight (82).jpg</filename>
    <size>
        <width>183</width>
        <height>275</height>
        <depth>3</depth>
    </size>
    <segmented>0</segmented>
    <object>
        <name>Dwight Schrute</name>
        <pose>Unspecified</pose>
        <truncated>0</truncated>
        <occluded>0</occluded>
        <difficult>0</difficult>
        <bndbox>
            <xmin>47</xmin>
            <ymin>62</ymin>
            <xmax>87</xmax>
            <ymax>111</ymax>
        </bndbox>
    </object>
    <object>
        <name>Dwight Schrute</name>
        <pose>Unspecified</pose>
        <truncated>0</truncated>
        <occluded>0</occluded>
        <difficult>0</difficult>
        <bndbox>
            <xmin>103</xmin>
            <ymin>64</ymin>
            <xmax>168</xmax>
            <ymax>152</ymax>
        </bndbox>
    </object>
</annotation>