<annotation>
    <folder>the_office</folder>
    <filename>dwight (66).jpg</filename>
    <size>
        <width>245</width>
        <height>175</height>
        <depth>3</depth>
    </size>
    <segmented>0</segmented>
    <object>
        <name>Dwight Schrute</name>
        <pose>Unspecified</pose>
        <truncated>0</truncated>
        <occluded>0</occluded>
        <difficult>0</difficult>
        <bndbox>
            <xmin>94</xmin>
            <ymin>2</ymin>
            <xmax>232</xmax>
            <ymax>128</ymax>
        </bndbox>
    </object>
</annotation>