<annotation>
    <folder>the_office</folder>
    <filename>dwight (73).jpg</filename>
    <size>
        <width>225</width>
        <height>225</height>
        <depth>3</depth>
    </size>
    <segmented>0</segmented>
    <object>
        <name>Dwight Schrute</name>
        <pose>Unspecified</pose>
        <truncated>0</truncated>
        <occluded>0</occluded>
        <difficult>0</difficult>
        <bndbox>
            <xmin>2</xmin>
            <ymin>5</ymin>
            <xmax>77</xmax>
            <ymax>140</ymax>
        </bndbox>
    </object>
</annotation>