<annotation>
    <folder>the_office</folder>
    <filename>dwight (85).jpg</filename>
    <size>
        <width>280</width>
        <height>180</height>
        <depth>3</depth>
    </size>
    <segmented>0</segmented>
    <object>
        <name>Dwight Schrute</name>
        <pose>Unspecified</pose>
        <truncated>0</truncated>
        <occluded>0</occluded>
        <difficult>0</difficult>
        <bndbox>
            <xmin>178</xmin>
            <ymin>14</ymin>
            <xmax>232</xmax>
            <ymax>71</ymax>
        </bndbox>
    </object>
</annotation>