<annotation>
    <folder>the_office</folder>
    <filename>dwight (43).jpg</filename>
    <size>
        <width>191</width>
        <height>263</height>
        <depth>3</depth>
    </size>
    <segmented>0</segmented>
    <object>
        <name>Dwight Schrute</name>
        <pose>Unspecified</pose>
        <truncated>0</truncated>
        <occluded>0</occluded>
        <difficult>0</difficult>
        <bndbox>
            <xmin>53</xmin>
            <ymin>12</ymin>
            <xmax>126</xmax>
            <ymax>107</ymax>
        </bndbox>
    </object>
</annotation>