<annotation>
    <folder>the_office</folder>
    <filename>dwight (11).jpg</filename>
    <size>
        <width>290</width>
        <height>174</height>
        <depth>3</depth>
    </size>
    <segmented>0</segmented>
    <object>
        <name>Dwight Schrute</name>
        <pose>Unspecified</pose>
        <truncated>0</truncated>
        <occluded>0</occluded>
        <difficult>0</difficult>
        <bndbox>
            <xmin>124</xmin>
            <ymin>1</ymin>
            <xmax>264</xmax>
            <ymax>132</ymax>
        </bndbox>
    </object>
</annotation>