<annotation>
    <folder>the_office</folder>
    <filename>dwight (56).jpg</filename>
    <size>
        <width>210</width>
        <height>210</height>
        <depth>3</depth>
    </size>
    <segmented>0</segmented>
    <object>
        <name>Dwight Schrute</name>
        <pose>Unspecified</pose>
        <truncated>0</truncated>
        <occluded>0</occluded>
        <difficult>0</difficult>
        <bndbox>
            <xmin>62</xmin>
            <ymin>27</ymin>
            <xmax>154</xmax>
            <ymax>134</ymax>
        </bndbox>
    </object>
</annotation>