<annotation>
    <folder>the_office</folder>
    <filename>dwight (14).jpg</filename>
    <size>
        <width>220</width>
        <height>204</height>
        <depth>3</depth>
    </size>
    <segmented>0</segmented>
    <object>
        <name>Dwight Schrute</name>
        <pose>Unspecified</pose>
        <truncated>0</truncated>
        <occluded>0</occluded>
        <difficult>0</difficult>
        <bndbox>
            <xmin>110</xmin>
            <ymin>8</ymin>
            <xmax>196</xmax>
            <ymax>99</ymax>
        </bndbox>
    </object>
</annotation>