<annotation>
    <folder>the_office</folder>
    <filename>dwight (65).jpg</filename>
    <size>
        <width>295</width>
        <height>171</height>
        <depth>3</depth>
    </size>
    <segmented>0</segmented>
    <object>
        <name>Dwight Schrute</name>
        <pose>Unspecified</pose>
        <truncated>0</truncated>
        <occluded>0</occluded>
        <difficult>0</difficult>
        <bndbox>
            <xmin>108</xmin>
            <ymin>5</ymin>
            <xmax>218</xmax>
            <ymax>83</ymax>
        </bndbox>
    </object>
</annotation>