<annotation>
    <folder>the_office</folder>
    <filename>dwight (63).jpg</filename>
    <size>
        <width>214</width>
        <height>236</height>
        <depth>3</depth>
    </size>
    <segmented>0</segmented>
    <object>
        <name>Dwight Schrute</name>
        <pose>Unspecified</pose>
        <truncated>0</truncated>
        <occluded>0</occluded>
        <difficult>0</difficult>
        <bndbox>
            <xmin>86</xmin>
            <ymin>45</ymin>
            <xmax>148</xmax>
            <ymax>123</ymax>
        </bndbox>
    </object>
</annotation>