<annotation>
    <folder>the_office</folder>
    <filename>dwight (58).jpg</filename>
    <size>
        <width>299</width>
        <height>169</height>
        <depth>3</depth>
    </size>
    <segmented>0</segmented>
    <object>
        <name>Dwight Schrute</name>
        <pose>Unspecified</pose>
        <truncated>0</truncated>
        <occluded>0</occluded>
        <difficult>0</difficult>
        <bndbox>
            <xmin>95</xmin>
            <ymin>5</ymin>
            <xmax>226</xmax>
            <ymax>129</ymax>
        </bndbox>
    </object>
</annotation>