<annotation>
    <folder>the_office</folder>
    <filename>dwight (5).jpg</filename>
    <size>
        <width>270</width>
        <height>187</height>
        <depth>3</depth>
    </size>
    <segmented>0</segmented>
    <object>
        <name>Dwight Schrute</name>
        <pose>Unspecified</pose>
        <truncated>0</truncated>
        <occluded>0</occluded>
        <difficult>0</difficult>
        <bndbox>
            <xmin>101</xmin>
            <ymin>16</ymin>
            <xmax>189</xmax>
            <ymax>127</ymax>
        </bndbox>
    </object>
</annotation>