<annotation>
    <folder>the_office</folder>
    <filename>pam (23).jpg</filename>
    <size>
        <width>290</width>
        <height>174</height>
        <depth>3</depth>
    </size>
    <segmented>0</segmented>
    <object>
        <name>Jim Halpert</name>
        <pose>Unspecified</pose>
        <truncated>0</truncated>
        <occluded>0</occluded>
        <difficult>0</difficult>
        <bndbox>
            <xmin>177</xmin>
            <ymin>28</ymin>
            <xmax>257</xmax>
            <ymax>111</ymax>
        </bndbox>
    </object>
    <object>
        <name>Pam Beasley</name>
        <pose>Unspecified</pose>
        <truncated>0</truncated>
        <occluded>0</occluded>
        <difficult>0</difficult>
        <bndbox>
            <xmin>61</xmin>
            <ymin>46</ymin>
            <xmax>111</xmax>
            <ymax>114</ymax>
        </bndbox>
    </object>
</annotation>