<annotation>
    <folder>the_office</folder>
    <filename>pam (53).jpg</filename>
    <size>
        <width>348</width>
        <height>145</height>
        <depth>3</depth>
    </size>
    <segmented>0</segmented>
    <object>
        <name>Pam Beasley</name>
        <pose>Unspecified</pose>
        <truncated>0</truncated>
        <occluded>0</occluded>
        <difficult>0</difficult>
        <bndbox>
            <xmin>80</xmin>
            <ymin>20</ymin>
            <xmax>188</xmax>
            <ymax>116</ymax>
        </bndbox>
    </object>
</annotation>