<annotation>
    <folder>the_office</folder>
    <filename>pam (42).jpg</filename>
    <size>
        <width>322</width>
        <height>156</height>
        <depth>3</depth>
    </size>
    <segmented>0</segmented>
    <object>
        <name>Pam Beasley</name>
        <pose>Unspecified</pose>
        <truncated>0</truncated>
        <occluded>0</occluded>
        <difficult>0</difficult>
        <bndbox>
            <xmin>184</xmin>
            <ymin>7</ymin>
            <xmax>276</xmax>
            <ymax>108</ymax>
        </bndbox>
    </object>
</annotation>