<annotation>
    <folder>the_office</folder>
    <filename>pam (97).jpg</filename>
    <size>
        <width>220</width>
        <height>220</height>
        <depth>3</depth>
    </size>
    <segmented>0</segmented>
    <object>
        <name>Pam Beasley</name>
        <pose>Unspecified</pose>
        <truncated>0</truncated>
        <occluded>0</occluded>
        <difficult>0</difficult>
        <bndbox>
            <xmin>116</xmin>
            <ymin>20</ymin>
            <xmax>198</xmax>
            <ymax>151</ymax>
        </bndbox>
    </object>
</annotation>