<annotation>
    <folder>the_office</folder>
    <filename>pam (14).jpg</filename>
    <size>
        <width>193</width>
        <height>261</height>
        <depth>3</depth>
    </size>
    <segmented>0</segmented>
    <object>
        <name>Pam Beasley</name>
        <pose>Unspecified</pose>
        <truncated>0</truncated>
        <occluded>0</occluded>
        <difficult>0</difficult>
        <bndbox>
            <xmin>38</xmin>
            <ymin>62</ymin>
            <xmax>115</xmax>
            <ymax>150</ymax>
        </bndbox>
    </object>
</annotation>