<annotation>
    <folder>the_office</folder>
    <filename>pam (100).jpg</filename>
    <size>
        <width>259</width>
        <height>194</height>
        <depth>3</depth>
    </size>
    <segmented>0</segmented>
    <object>
        <name>Pam Beasley</name>
        <pose>Unspecified</pose>
        <truncated>0</truncated>
        <occluded>0</occluded>
        <difficult>0</difficult>
        <bndbox>
            <xmin>102</xmin>
            <ymin>14</ymin>
            <xmax>224</xmax>
            <ymax>145</ymax>
        </bndbox>
    </object>
</annotation>