<annotation>
    <folder>the_office</folder>
    <filename>pam (87).jpg</filename>
    <size>
        <width>288</width>
        <height>175</height>
        <depth>3</depth>
    </size>
    <segmented>0</segmented>
    <object>
        <name>Pam Beasley</name>
        <pose>Unspecified</pose>
        <truncated>0</truncated>
        <occluded>0</occluded>
        <difficult>0</difficult>
        <bndbox>
            <xmin>140</xmin>
            <ymin>23</ymin>
            <xmax>203</xmax>
            <ymax>84</ymax>
        </bndbox>
    </object>
</annotation>