<annotation>
    <folder>the_office</folder>
    <filename>pam (8).jpg</filename>
    <size>
        <width>259</width>
        <height>194</height>
        <depth>3</depth>
    </size>
    <segmented>0</segmented>
    <object>
        <name>Pam Beasley</name>
        <pose>Unspecified</pose>
        <truncated>0</truncated>
        <occluded>0</occluded>
        <difficult>0</difficult>
        <bndbox>
            <xmin>97</xmin>
            <ymin>31</ymin>
            <xmax>216</xmax>
            <ymax>161</ymax>
        </bndbox>
    </object>
</annotation>