<annotation>
    <folder>the_office</folder>
    <filename>pam (26).jpg</filename>
    <size>
        <width>200</width>
        <height>150</height>
        <depth>3</depth>
    </size>
    <segmented>0</segmented>
    <object>
        <name>Pam Beasley</name>
        <pose>Unspecified</pose>
        <truncated>0</truncated>
        <occluded>0</occluded>
        <difficult>0</difficult>
        <bndbox>
            <xmin>49</xmin>
            <ymin>4</ymin>
            <xmax>162</xmax>
            <ymax>126</ymax>
        </bndbox>
    </object>
</annotation>