<annotation>
    <folder>the_office</folder>
    <filename>pam (93).jpg</filename>
    <size>
        <width>200</width>
        <height>150</height>
        <depth>3</depth>
    </size>
    <segmented>0</segmented>
    <object>
        <name>Pam Beasley</name>
        <pose>Unspecified</pose>
        <truncated>0</truncated>
        <occluded>0</occluded>
        <difficult>0</difficult>
        <bndbox>
            <xmin>93</xmin>
            <ymin>3</ymin>
            <xmax>194</xmax>
            <ymax>132</ymax>
        </bndbox>
    </object>
</annotation>