<annotation>
    <folder>the_office</folder>
    <filename>pam (84).jpg</filename>
    <size>
        <width>300</width>
        <height>168</height>
        <depth>3</depth>
    </size>
    <segmented>0</segmented>
    <object>
        <name>Jim Halpert</name>
        <pose>Unspecified</pose>
        <truncated>0</truncated>
        <occluded>0</occluded>
        <difficult>0</difficult>
        <bndbox>
            <xmin>64</xmin>
            <ymin>5</ymin>
            <xmax>156</xmax>
            <ymax>91</ymax>
        </bndbox>
    </object>
    <object>
        <name>Pam Beasley</name>
        <pose>Unspecified</pose>
        <truncated>0</truncated>
        <occluded>0</occluded>
        <difficult>0</difficult>
        <bndbox>
            <xmin>191</xmin>
            <ymin>26</ymin>
            <xmax>254</xmax>
            <ymax>107</ymax>
        </bndbox>
    </object>
</annotation>