<annotation>
    <folder>the_office</folder>
    <filename>pam (79).jpg</filename>
    <size>
        <width>331</width>
        <height>152</height>
        <depth>3</depth>
    </size>
    <segmented>0</segmented>
    <object>
        <name>Pam Beasley</name>
        <pose>Unspecified</pose>
        <truncated>0</truncated>
        <occluded>0</occluded>
        <difficult>0</difficult>
        <bndbox>
            <xmin>195</xmin>
            <ymin>8</ymin>
            <xmax>292</xmax>
            <ymax>116</ymax>
        </bndbox>
    </object>
</annotation>