<annotation>
    <folder>the_office</folder>
    <filename>pam (60).jpg</filename>
    <size>
        <width>191</width>
        <height>263</height>
        <depth>3</depth>
    </size>
    <segmented>0</segmented>
    <object>
        <name>Pam Beasley</name>
        <pose>Unspecified</pose>
        <truncated>0</truncated>
        <occluded>0</occluded>
        <difficult>0</difficult>
        <bndbox>
            <xmin>100</xmin>
            <ymin>65</ymin>
            <xmax>175</xmax>
            <ymax>158</ymax>
        </bndbox>
    </object>
</annotation>