<annotation>
    <folder>the_office</folder>
    <filename>pam (41).jpg</filename>
    <size>
        <width>292</width>
        <height>173</height>
        <depth>3</depth>
    </size>
    <segmented>0</segmented>
    <object>
        <name>Pam Beasley</name>
        <pose>Unspecified</pose>
        <truncated>0</truncated>
        <occluded>0</occluded>
        <difficult>0</difficult>
        <bndbox>
            <xmin>159</xmin>
            <ymin>14</ymin>
            <xmax>255</xmax>
            <ymax>120</ymax>
        </bndbox>
    </object>
</annotation>