<annotation>
    <folder>the_office</folder>
    <filename>pam (3).jpg</filename>
    <size>
        <width>218</width>
        <height>232</height>
        <depth>3</depth>
    </size>
    <segmented>0</segmented>
    <object>
        <name>Pam Beasley</name>
        <pose>Unspecified</pose>
        <truncated>0</truncated>
        <occluded>0</occluded>
        <difficult>0</difficult>
        <bndbox>
            <xmin>64</xmin>
            <ymin>42</ymin>
            <xmax>148</xmax>
            <ymax>127</ymax>
        </bndbox>
    </object>
</annotation>