<annotation>
    <folder>the_office</folder>
    <filename>pam (52).jpg</filename>
    <size>
        <width>261</width>
        <height>193</height>
        <depth>3</depth>
    </size>
    <segmented>0</segmented>
    <object>
        <name>Pam Beasley</name>
        <pose>Unspecified</pose>
        <truncated>0</truncated>
        <occluded>0</occluded>
        <difficult>0</difficult>
        <bndbox>
            <xmin>110</xmin>
            <ymin>8</ymin>
            <xmax>179</xmax>
            <ymax>92</ymax>
        </bndbox>
    </object>
</annotation>