<annotation>
    <folder>the_office</folder>
    <filename>pam (18).jpg</filename>
    <size>
        <width>276</width>
        <height>183</height>
        <depth>3</depth>
    </size>
    <segmented>0</segmented>
    <object>
        <name>Pam Beasley</name>
        <pose>Unspecified</pose>
        <truncated>0</truncated>
        <occluded>0</occluded>
        <difficult>0</difficult>
        <bndbox>
            <xmin>163</xmin>
            <ymin>4</ymin>
            <xmax>262</xmax>
            <ymax>146</ymax>
        </bndbox>
    </object>
    <object>
        <name>Pam Beasley</name>
        <pose>Unspecified</pose>
        <truncated>0</truncated>
        <occluded>0</occluded>
        <difficult>0</difficult>
        <bndbox>
            <xmin>18</xmin>
            <ymin>8</ymin>
            <xmax>120</xmax>
            <ymax>120</ymax>
        </bndbox>
    </object>
</annotation>