<annotation>
    <folder>the_office</folder>
    <filename>pam (69).jpg</filename>
    <size>
        <width>296</width>
        <height>170</height>
        <depth>3</depth>
    </size>
    <segmented>0</segmented>
    <object>
        <name>Pam Beasley</name>
        <pose>Unspecified</pose>
        <truncated>0</truncated>
        <occluded>0</occluded>
        <difficult>0</difficult>
        <bndbox>
            <xmin>52</xmin>
            <ymin>12</ymin>
            <xmax>123</xmax>
            <ymax>109</ymax>
        </bndbox>
    </object>
</annotation>