<annotation>
    <folder>the_office</folder>
    <filename>pam (48).jpg</filename>
    <size>
        <width>300</width>
        <height>168</height>
        <depth>3</depth>
    </size>
    <segmented>0</segmented>
    <object>
        <name>Pam Beasley</name>
        <pose>Unspecified</pose>
        <truncated>0</truncated>
        <occluded>0</occluded>
        <difficult>0</difficult>
        <bndbox>
            <xmin>93</xmin>
            <ymin>41</ymin>
            <xmax>142</xmax>
            <ymax>97</ymax>
        </bndbox>
    </object>
</annotation>