<annotation>
    <folder>the_office</folder>
    <filename>pam (46).jpg</filename>
    <size>
        <width>225</width>
        <height>225</height>
        <depth>3</depth>
    </size>
    <segmented>0</segmented>
    <object>
        <name>Pam Beasley</name>
        <pose>Unspecified</pose>
        <truncated>0</truncated>
        <occluded>0</occluded>
        <difficult>0</difficult>
        <bndbox>
            <xmin>64</xmin>
            <ymin>35</ymin>
            <xmax>162</xmax>
            <ymax>168</ymax>
        </bndbox>
    </object>
</annotation>