<annotation>
    <folder>the_office</folder>
    <filename>pam (64).jpg</filename>
    <size>
        <width>275</width>
        <height>183</height>
        <depth>3</depth>
    </size>
    <segmented>0</segmented>
    <object>
        <name>Pam Beasley</name>
        <pose>Unspecified</pose>
        <truncated>0</truncated>
        <occluded>0</occluded>
        <difficult>0</difficult>
        <bndbox>
            <xmin>151</xmin>
            <ymin>33</ymin>
            <xmax>213</xmax>
            <ymax>106</ymax>
        </bndbox>
    </object>
    <object>
        <name>Jim Halpert</name>
        <pose>Unspecified</pose>
        <truncated>0</truncated>
        <occluded>0</occluded>
        <difficult>0</difficult>
        <bndbox>
            <xmin>53</xmin>
            <ymin>11</ymin>
            <xmax>133</xmax>
            <ymax>93</ymax>
        </bndbox>
    </object>
</annotation>