<annotation>
    <folder>the_office</folder>
    <filename>pam (22).jpg</filename>
    <size>
        <width>216</width>
        <height>234</height>
        <depth>3</depth>
    </size>
    <segmented>0</segmented>
    <object>
        <name>Pam Beasley</name>
        <pose>Unspecified</pose>
        <truncated>0</truncated>
        <occluded>0</occluded>
        <difficult>0</difficult>
        <bndbox>
            <xmin>54</xmin>
            <ymin>18</ymin>
            <xmax>161</xmax>
            <ymax>161</ymax>
        </bndbox>
    </object>
</annotation>