<annotation>
    <folder>the_office</folder>
    <filename>pam (85).jpg</filename>
    <size>
        <width>310</width>
        <height>162</height>
        <depth>3</depth>
    </size>
    <segmented>0</segmented>
    <object>
        <name>Pam Beasley</name>
        <pose>Unspecified</pose>
        <truncated>0</truncated>
        <occluded>0</occluded>
        <difficult>0</difficult>
        <bndbox>
            <xmin>29</xmin>
            <ymin>27</ymin>
            <xmax>119</xmax>
            <ymax>131</ymax>
        </bndbox>
    </object>
    <object>
        <name>Jim Halpert</name>
        <pose>Unspecified</pose>
        <truncated>0</truncated>
        <occluded>0</occluded>
        <difficult>0</difficult>
        <bndbox>
            <xmin>143</xmin>
            <ymin>17</ymin>
            <xmax>218</xmax>
            <ymax>103</ymax>
        </bndbox>
    </object>
</annotation>