<annotation>
    <folder>the_office</folder>
    <filename>pam (58).jpg</filename>
    <size>
        <width>235</width>
        <height>215</height>
        <depth>3</depth>
    </size>
    <segmented>0</segmented>
    <object>
        <name>Pam Beasley</name>
        <pose>Unspecified</pose>
        <truncated>0</truncated>
        <occluded>0</occluded>
        <difficult>0</difficult>
        <bndbox>
            <xmin>33</xmin>
            <ymin>113</ymin>
            <xmax>92</xmax>
            <ymax>183</ymax>
        </bndbox>
    </object>
    <object>
        <name>Pam Beasley</name>
        <pose>Unspecified</pose>
        <truncated>0</truncated>
        <occluded>0</occluded>
        <difficult>0</difficult>
        <bndbox>
            <xmin>137</xmin>
            <ymin>112</ymin>
            <xmax>213</xmax>
            <ymax>176</ymax>
        </bndbox>
    </object>
    <object>
        <name>Pam Beasley</name>
        <pose>Unspecified</pose>
        <truncated>0</truncated>
        <occluded>0</occluded>
        <difficult>0</difficult>
        <bndbox>
            <xmin>147</xmin>
            <ymin>5</ymin>
            <xmax>201</xmax>
            <ymax>67</ymax>
        </bndbox>
    </object>
    <object>
        <name>Pam Beasley</name>
        <pose>Unspecified</pose>
        <truncated>0</truncated>
        <occluded>0</occluded>
        <difficult>0</difficult>
        <bndbox>
            <xmin>33</xmin>
            <ymin>7</ymin>
            <xmax>85</xmax>
            <ymax>64</ymax>
        </bndbox>
    </object>
</annotation>