<annotation>
    <folder>the_office</folder>
    <filename>pam (55).jpg</filename>
    <size>
        <width>259</width>
        <height>194</height>
        <depth>3</depth>
    </size>
    <segmented>0</segmented>
    <object>
        <name>Pam Beasley</name>
        <pose>Unspecified</pose>
        <truncated>0</truncated>
        <occluded>0</occluded>
        <difficult>0</difficult>
        <bndbox>
            <xmin>143</xmin>
            <ymin>55</ymin>
            <xmax>202</xmax>
            <ymax>114</ymax>
        </bndbox>
    </object>
</annotation>