<annotation>
    <folder>the_office</folder>
    <filename>pam (82).jpg</filename>
    <size>
        <width>303</width>
        <height>166</height>
        <depth>3</depth>
    </size>
    <segmented>0</segmented>
    <object>
        <name>Jim Halpert</name>
        <pose>Unspecified</pose>
        <truncated>0</truncated>
        <occluded>0</occluded>
        <difficult>0</difficult>
        <bndbox>
            <xmin>108</xmin>
            <ymin>8</ymin>
            <xmax>135</xmax>
            <ymax>32</ymax>
        </bndbox>
    </object>
    <object>
        <name>Jim Halpert</name>
        <pose>Unspecified</pose>
        <truncated>0</truncated>
        <occluded>0</occluded>
        <difficult>0</difficult>
        <bndbox>
            <xmin>98</xmin>
            <ymin>88</ymin>
            <xmax>127</xmax>
            <ymax>115</ymax>
        </bndbox>
    </object>
    <object>
        <name>Pam Beasley</name>
        <pose>Unspecified</pose>
        <truncated>0</truncated>
        <occluded>0</occluded>
        <difficult>0</difficult>
        <bndbox>
            <xmin>178</xmin>
            <ymin>91</ymin>
            <xmax>243</xmax>
            <ymax>157</ymax>
        </bndbox>
    </object>
    <object>
        <name>Pam Beasley</name>
        <pose>Unspecified</pose>
        <truncated>0</truncated>
        <occluded>0</occluded>
        <difficult>0</difficult>
        <bndbox>
            <xmin>173</xmin>
            <ymin>12</ymin>
            <xmax>221</xmax>
            <ymax>53</ymax>
        </bndbox>
    </object>
</annotation>