<annotation>
    <folder>the_office</folder>
    <filename>pam (2).jpg</filename>
    <size>
        <width>248</width>
        <height>203</height>
        <depth>3</depth>
    </size>
    <segmented>0</segmented>
    <object>
        <name>Pam Beasley</name>
        <pose>Unspecified</pose>
        <truncated>0</truncated>
        <occluded>0</occluded>
        <difficult>0</difficult>
        <bndbox>
            <xmin>98</xmin>
            <ymin>16</ymin>
            <xmax>154</xmax>
            <ymax>81</ymax>
        </bndbox>
    </object>
</annotation>