<annotation>
    <folder>the_office</folder>
    <filename>pam (32).jpg</filename>
    <size>
        <width>300</width>
        <height>168</height>
        <depth>3</depth>
    </size>
    <segmented>0</segmented>
    <object>
        <name>Pam Beasley</name>
        <pose>Unspecified</pose>
        <truncated>0</truncated>
        <occluded>0</occluded>
        <difficult>0</difficult>
        <bndbox>
            <xmin>83</xmin>
            <ymin>3</ymin>
            <xmax>182</xmax>
            <ymax>105</ymax>
        </bndbox>
    </object>
</annotation>