<annotation>
    <folder>the_office</folder>
    <filename>pam (92).jpg</filename>
    <size>
        <width>275</width>
        <height>183</height>
        <depth>3</depth>
    </size>
    <segmented>0</segmented>
    <object>
        <name>Jim Halpert</name>
        <pose>Unspecified</pose>
        <truncated>0</truncated>
        <occluded>0</occluded>
        <difficult>0</difficult>
        <bndbox>
            <xmin>159</xmin>
            <ymin>21</ymin>
            <xmax>238</xmax>
            <ymax>122</ymax>
        </bndbox>
    </object>
    <object>
        <name>Pam Beasley</name>
        <pose>Unspecified</pose>
        <truncated>0</truncated>
        <occluded>0</occluded>
        <difficult>0</difficult>
        <bndbox>
            <xmin>36</xmin>
            <ymin>51</ymin>
            <xmax>95</xmax>
            <ymax>139</ymax>
        </bndbox>
    </object>
</annotation>