<annotation>
    <folder>the_office</folder>
    <filename>pam (61).jpg</filename>
    <size>
        <width>220</width>
        <height>204</height>
        <depth>3</depth>
    </size>
    <segmented>0</segmented>
    <object>
        <name>Pam Beasley</name>
        <pose>Unspecified</pose>
        <truncated>0</truncated>
        <occluded>0</occluded>
        <difficult>0</difficult>
        <bndbox>
            <xmin>2</xmin>
            <ymin>24</ymin>
            <xmax>71</xmax>
            <ymax>113</ymax>
        </bndbox>
    </object>
</annotation>