<annotation>
    <folder>the_office</folder>
    <filename>pam (5).jpg</filename>
    <size>
        <width>246</width>
        <height>138</height>
        <depth>3</depth>
    </size>
    <segmented>0</segmented>
    <object>
        <name>Pam Beasley</name>
        <pose>Unspecified</pose>
        <truncated>0</truncated>
        <occluded>0</occluded>
        <difficult>0</difficult>
        <bndbox>
            <xmin>59</xmin>
            <ymin>19</ymin>
            <xmax>150</xmax>
            <ymax>115</ymax>
        </bndbox>
    </object>
</annotation>