<annotation>
    <folder>the_office</folder>
    <filename>pam (72).jpg</filename>
    <size>
        <width>277</width>
        <height>182</height>
        <depth>3</depth>
    </size>
    <segmented>0</segmented>
    <object>
        <name>Pam Beasley</name>
        <pose>Unspecified</pose>
        <truncated>0</truncated>
        <occluded>0</occluded>
        <difficult>0</difficult>
        <bndbox>
            <xmin>133</xmin>
            <ymin>21</ymin>
            <xmax>198</xmax>
            <ymax>89</ymax>
        </bndbox>
    </object>
</annotation>