<annotation>
    <folder>the_office</folder>
    <filename>pam (88).jpg</filename>
    <size>
        <width>310</width>
        <height>163</height>
        <depth>3</depth>
    </size>
    <segmented>0</segmented>
    <object>
        <name>Pam Beasley</name>
        <pose>Unspecified</pose>
        <truncated>0</truncated>
        <occluded>0</occluded>
        <difficult>0</difficult>
        <bndbox>
            <xmin>181</xmin>
            <ymin>22</ymin>
            <xmax>244</xmax>
            <ymax>90</ymax>
        </bndbox>
    </object>
</annotation>