<annotation>
    <folder>the_office</folder>
    <filename>pam (90).jpg</filename>
    <size>
        <width>194</width>
        <height>259</height>
        <depth>3</depth>
    </size>
    <segmented>0</segmented>
    <object>
        <name>Pam Beasley</name>
        <pose>Unspecified</pose>
        <truncated>0</truncated>
        <occluded>0</occluded>
        <difficult>0</difficult>
        <bndbox>
            <xmin>40</xmin>
            <ymin>72</ymin>
            <xmax>154</xmax>
            <ymax>187</ymax>
        </bndbox>
    </object>
</annotation>