<annotation>
    <folder>the_office</folder>
    <filename>pam (80).jpg</filename>
    <size>
        <width>205</width>
        <height>246</height>
        <depth>3</depth>
    </size>
    <segmented>0</segmented>
    <object>
        <name>Pam Beasley</name>
        <pose>Unspecified</pose>
        <truncated>0</truncated>
        <occluded>0</occluded>
        <difficult>0</difficult>
        <bndbox>
            <xmin>113</xmin>
            <ymin>128</ymin>
            <xmax>171</xmax>
            <ymax>196</ymax>
        </bndbox>
    </object>
    <object>
        <name>Pam Beasley</name>
        <pose>Unspecified</pose>
        <truncated>0</truncated>
        <occluded>0</occluded>
        <difficult>0</difficult>
        <bndbox>
            <xmin>131</xmin>
            <ymin>7</ymin>
            <xmax>171</xmax>
            <ymax>41</ymax>
        </bndbox>
    </object>
</annotation>