<annotation>
    <folder>the_office</folder>
    <filename>pam (74).jpg</filename>
    <size>
        <width>297</width>
        <height>170</height>
        <depth>3</depth>
    </size>
    <segmented>0</segmented>
    <object>
        <name>Pam Beasley</name>
        <pose>Unspecified</pose>
        <truncated>0</truncated>
        <occluded>0</occluded>
        <difficult>0</difficult>
        <bndbox>
            <xmin>67</xmin>
            <ymin>12</ymin>
            <xmax>173</xmax>
            <ymax>121</ymax>
        </bndbox>
    </object>
</annotation>