<annotation>
    <folder>the_office</folder>
    <filename>pam (56).jpg</filename>
    <size>
        <width>275</width>
        <height>183</height>
        <depth>3</depth>
    </size>
    <segmented>0</segmented>
    <object>
        <name>Pam Beasley</name>
        <pose>Unspecified</pose>
        <truncated>0</truncated>
        <occluded>0</occluded>
        <difficult>0</difficult>
        <bndbox>
            <xmin>118</xmin>
            <ymin>34</ymin>
            <xmax>155</xmax>
            <ymax>94</ymax>
        </bndbox>
    </object>
</annotation>