<annotation>
    <folder>the_office</folder>
    <filename>pam (47).jpg</filename>
    <size>
        <width>191</width>
        <height>264</height>
        <depth>3</depth>
    </size>
    <segmented>0</segmented>
    <object>
        <name>Pam Beasley</name>
        <pose>Unspecified</pose>
        <truncated>0</truncated>
        <occluded>0</occluded>
        <difficult>0</difficult>
        <bndbox>
            <xmin>89</xmin>
            <ymin>66</ymin>
            <xmax>136</xmax>
            <ymax>117</ymax>
        </bndbox>
    </object>
</annotation>