<annotation>
    <folder>the_office</folder>
    <filename>pam (54).jpg</filename>
    <size>
        <width>128</width>
        <height>128</height>
        <depth>3</depth>
    </size>
    <segmented>0</segmented>
    <object>
        <name>Pam Beasley</name>
        <pose>Unspecified</pose>
        <truncated>0</truncated>
        <occluded>0</occluded>
        <difficult>0</difficult>
        <bndbox>
            <xmin>40</xmin>
            <ymin>14</ymin>
            <xmax>87</xmax>
            <ymax>78</ymax>
        </bndbox>
    </object>
</annotation>