<annotation>
    <folder>the_office</folder>
    <filename>pam (83).jpg</filename>
    <size>
        <width>300</width>
        <height>168</height>
        <depth>3</depth>
    </size>
    <segmented>0</segmented>
    <object>
        <name>Pam Beasley</name>
        <pose>Unspecified</pose>
        <truncated>0</truncated>
        <occluded>0</occluded>
        <difficult>0</difficult>
        <bndbox>
            <xmin>11</xmin>
            <ymin>38</ymin>
            <xmax>81</xmax>
            <ymax>125</ymax>
        </bndbox>
    </object>
    <object>
        <name>Jim Halpert</name>
        <pose>Unspecified</pose>
        <truncated>0</truncated>
        <occluded>0</occluded>
        <difficult>0</difficult>
        <bndbox>
            <xmin>193</xmin>
            <ymin>28</ymin>
            <xmax>291</xmax>
            <ymax>138</ymax>
        </bndbox>
    </object>
</annotation>