<annotation>
    <folder>the_office</folder>
    <filename>pam (67).jpg</filename>
    <size>
        <width>303</width>
        <height>166</height>
        <depth>3</depth>
    </size>
    <segmented>0</segmented>
    <object>
        <name>Pam Beasley</name>
        <pose>Unspecified</pose>
        <truncated>0</truncated>
        <occluded>0</occluded>
        <difficult>0</difficult>
        <bndbox>
            <xmin>141</xmin>
            <ymin>19</ymin>
            <xmax>250</xmax>
            <ymax>131</ymax>
        </bndbox>
    </object>
</annotation>