<annotation>
    <folder>the_office</folder>
    <filename>pam.jpg</filename>
    <size>
        <width>302</width>
        <height>167</height>
        <depth>3</depth>
    </size>
    <segmented>0</segmented>
    <object>
        <name>Pam Beasley</name>
        <pose>Unspecified</pose>
        <truncated>0</truncated>
        <occluded>0</occluded>
        <difficult>0</difficult>
        <bndbox>
            <xmin>129</xmin>
            <ymin>11</ymin>
            <xmax>221</xmax>
            <ymax>110</ymax>
        </bndbox>
    </object>
</annotation>