<annotation>
    <folder>the_office</folder>
    <filename>ryan (49).jpg</filename>
    <size>
        <width>302</width>
        <height>167</height>
        <depth>3</depth>
    </size>
    <segmented>0</segmented>
    <object>
        <name>Ryan Howard</name>
        <pose>Unspecified</pose>
        <truncated>0</truncated>
        <occluded>0</occluded>
        <difficult>0</difficult>
        <bndbox>
            <xmin>159</xmin>
            <ymin>24</ymin>
            <xmax>231</xmax>
            <ymax>115</ymax>
        </bndbox>
    </object>
</annotation>