<annotation>
    <folder>the_office</folder>
    <filename>ryan (73).jpg</filename>
    <size>
        <width>202</width>
        <height>249</height>
        <depth>3</depth>
    </size>
    <segmented>0</segmented>
    <object>
        <name>Ryan Howard</name>
        <pose>Unspecified</pose>
        <truncated>0</truncated>
        <occluded>0</occluded>
        <difficult>0</difficult>
        <bndbox>
            <xmin>95</xmin>
            <ymin>129</ymin>
            <xmax>148</xmax>
            <ymax>190</ymax>
        </bndbox>
    </object>
</annotation>