<annotation>
    <folder>the_office</folder>
    <filename>ryan (82).jpg</filename>
    <size>
        <width>220</width>
        <height>220</height>
        <depth>3</depth>
    </size>
    <segmented>0</segmented>
    <object>
        <name>Ryan Howard</name>
        <pose>Unspecified</pose>
        <truncated>0</truncated>
        <occluded>0</occluded>
        <difficult>0</difficult>
        <bndbox>
            <xmin>39</xmin>
            <ymin>29</ymin>
            <xmax>155</xmax>
            <ymax>151</ymax>
        </bndbox>
    </object>
</annotation>