<annotation>
    <folder>the_office</folder>
    <filename>ryan (27).jpg</filename>
    <size>
        <width>216</width>
        <height>165</height>
        <depth>3</depth>
    </size>
    <segmented>0</segmented>
    <object>
        <name>Ryan Howard</name>
        <pose>Unspecified</pose>
        <truncated>0</truncated>
        <occluded>0</occluded>
        <difficult>0</difficult>
        <bndbox>
            <xmin>97</xmin>
            <ymin>14</ymin>
            <xmax>145</xmax>
            <ymax>77</ymax>
        </bndbox>
    </object>
</annotation>