<annotation>
    <folder>the_office</folder>
    <filename>ryan (61).jpg</filename>
    <size>
        <width>275</width>
        <height>183</height>
        <depth>3</depth>
    </size>
    <segmented>0</segmented>
    <object>
        <name>Ryan Howard</name>
        <pose>Unspecified</pose>
        <truncated>0</truncated>
        <occluded>0</occluded>
        <difficult>0</difficult>
        <bndbox>
            <xmin>74</xmin>
            <ymin>6</ymin>
            <xmax>139</xmax>
            <ymax>80</ymax>
        </bndbox>
    </object>
</annotation>