<annotation>
    <folder>the_office</folder>
    <filename>ryan (74).jpg</filename>
    <size>
        <width>225</width>
        <height>225</height>
        <depth>3</depth>
    </size>
    <segmented>0</segmented>
    <object>
        <name>Ryan Howard</name>
        <pose>Unspecified</pose>
        <truncated>0</truncated>
        <occluded>0</occluded>
        <difficult>0</difficult>
        <bndbox>
            <xmin>81</xmin>
            <ymin>15</ymin>
            <xmax>164</xmax>
            <ymax>120</ymax>
        </bndbox>
    </object>
</annotation>