<annotation>
    <folder>the_office</folder>
    <filename>ryan (51).jpg</filename>
    <size>
        <width>299</width>
        <height>168</height>
        <depth>3</depth>
    </size>
    <segmented>0</segmented>
    <object>
        <name>Ryan Howard</name>
        <pose>Unspecified</pose>
        <truncated>0</truncated>
        <occluded>0</occluded>
        <difficult>0</difficult>
        <bndbox>
            <xmin>51</xmin>
            <ymin>11</ymin>
            <xmax>156</xmax>
            <ymax>115</ymax>
        </bndbox>
    </object>
</annotation>