<annotation>
    <folder>the_office</folder>
    <filename>ryan (60).jpg</filename>
    <size>
        <width>318</width>
        <height>159</height>
        <depth>3</depth>
    </size>
    <segmented>0</segmented>
    <object>
        <name>Ryan Howard</name>
        <pose>Unspecified</pose>
        <truncated>0</truncated>
        <occluded>0</occluded>
        <difficult>0</difficult>
        <bndbox>
            <xmin>163</xmin>
            <ymin>13</ymin>
            <xmax>266</xmax>
            <ymax>127</ymax>
        </bndbox>
    </object>
</annotation>