<annotation>
    <folder>the_office</folder>
    <filename>ryan (31).jpg</filename>
    <size>
        <width>298</width>
        <height>169</height>
        <depth>3</depth>
    </size>
    <segmented>0</segmented>
    <object>
        <name>Michael Scott</name>
        <pose>Unspecified</pose>
        <truncated>0</truncated>
        <occluded>0</occluded>
        <difficult>0</difficult>
        <bndbox>
            <xmin>180</xmin>
            <ymin>7</ymin>
            <xmax>274</xmax>
            <ymax>113</ymax>
        </bndbox>
    </object>
    <object>
        <name>Ryan Howard</name>
        <pose>Unspecified</pose>
        <truncated>0</truncated>
        <occluded>0</occluded>
        <difficult>0</difficult>
        <bndbox>
            <xmin>24</xmin>
            <ymin>16</ymin>
            <xmax>119</xmax>
            <ymax>112</ymax>
        </bndbox>
    </object>
</annotation>