<annotation>
    <folder>the_office</folder>
    <filename>ryan (96).jpg</filename>
    <size>
        <width>213</width>
        <height>237</height>
        <depth>3</depth>
    </size>
    <segmented>0</segmented>
    <object>
        <name>Ryan Howard</name>
        <pose>Unspecified</pose>
        <truncated>0</truncated>
        <occluded>0</occluded>
        <difficult>0</difficult>
        <bndbox>
            <xmin>117</xmin>
            <ymin>57</ymin>
            <xmax>133</xmax>
            <ymax>76</ymax>
        </bndbox>
    </object>
</annotation>