<annotation>
    <folder>the_office</folder>
    <filename>ryan (59).jpg</filename>
    <size>
        <width>228</width>
        <height>221</height>
        <depth>3</depth>
    </size>
    <segmented>0</segmented>
    <object>
        <name>Ryan Howard</name>
        <pose>Unspecified</pose>
        <truncated>0</truncated>
        <occluded>0</occluded>
        <difficult>0</difficult>
        <bndbox>
            <xmin>60</xmin>
            <ymin>4</ymin>
            <xmax>150</xmax>
            <ymax>107</ymax>
        </bndbox>
    </object>
</annotation>