<annotation>
    <folder>the_office</folder>
    <filename>ryan (75).jpg</filename>
    <size>
        <width>301</width>
        <height>167</height>
        <depth>3</depth>
    </size>
    <segmented>0</segmented>
    <object>
        <name>Ryan Howard</name>
        <pose>Unspecified</pose>
        <truncated>0</truncated>
        <occluded>0</occluded>
        <difficult>0</difficult>
        <bndbox>
            <xmin>136</xmin>
            <ymin>16</ymin>
            <xmax>193</xmax>
            <ymax>78</ymax>
        </bndbox>
    </object>
</annotation>