<annotation>
    <folder>the_office</folder>
    <filename>ryan (98).jpg</filename>
    <size>
        <width>180</width>
        <height>225</height>
        <depth>3</depth>
    </size>
    <segmented>0</segmented>
    <object>
        <name>Ryan Howard</name>
        <pose>Unspecified</pose>
        <truncated>0</truncated>
        <occluded>0</occluded>
        <difficult>0</difficult>
        <bndbox>
            <xmin>61</xmin>
            <ymin>10</ymin>
            <xmax>107</xmax>
            <ymax>69</ymax>
        </bndbox>
    </object>
</annotation>