<annotation>
    <folder>the_office</folder>
    <filename>ryan.jpg</filename>
    <size>
        <width>194</width>
        <height>260</height>
        <depth>3</depth>
    </size>
    <segmented>0</segmented>
    <object>
        <name>Ryan Howard</name>
        <pose>Unspecified</pose>
        <truncated>0</truncated>
        <occluded>0</occluded>
        <difficult>0</difficult>
        <bndbox>
            <xmin>74</xmin>
            <ymin>24</ymin>
            <xmax>133</xmax>
            <ymax>93</ymax>
        </bndbox>
    </object>
</annotation>