<annotation>
    <folder>the_office</folder>
    <filename>ryan (33).jpg</filename>
    <size>
        <width>225</width>
        <height>225</height>
        <depth>3</depth>
    </size>
    <segmented>0</segmented>
    <object>
        <name>Jim Halpert</name>
        <pose>Unspecified</pose>
        <truncated>0</truncated>
        <occluded>0</occluded>
        <difficult>0</difficult>
        <bndbox>
            <xmin>35</xmin>
            <ymin>14</ymin>
            <xmax>171</xmax>
            <ymax>182</ymax>
        </bndbox>
    </object>
</annotation>