<annotation>
    <folder>the_office</folder>
    <filename>ryan (30).jpg</filename>
    <size>
        <width>300</width>
        <height>167</height>
        <depth>3</depth>
    </size>
    <segmented>0</segmented>
    <object>
        <name>Jim Halpert</name>
        <pose>Unspecified</pose>
        <truncated>0</truncated>
        <occluded>0</occluded>
        <difficult>0</difficult>
        <bndbox>
            <xmin>114</xmin>
            <ymin>18</ymin>
            <xmax>187</xmax>
            <ymax>100</ymax>
        </bndbox>
    </object>
</annotation>