<annotation>
    <folder>the_office</folder>
    <filename>ryan (40).jpg</filename>
    <size>
        <width>318</width>
        <height>159</height>
        <depth>3</depth>
    </size>
    <segmented>0</segmented>
    <object>
        <name>Ryan Howard</name>
        <pose>Unspecified</pose>
        <truncated>0</truncated>
        <occluded>0</occluded>
        <difficult>0</difficult>
        <bndbox>
            <xmin>67</xmin>
            <ymin>12</ymin>
            <xmax>136</xmax>
            <ymax>85</ymax>
        </bndbox>
    </object>
</annotation>