<annotation>
    <folder>the_office</folder>
    <filename>ryan (43).jpg</filename>
    <size>
        <width>298</width>
        <height>169</height>
        <depth>3</depth>
    </size>
    <segmented>0</segmented>
    <object>
        <name>Ryan Howard</name>
        <pose>Unspecified</pose>
        <truncated>0</truncated>
        <occluded>0</occluded>
        <difficult>0</difficult>
        <bndbox>
            <xmin>83</xmin>
            <ymin>11</ymin>
            <xmax>156</xmax>
            <ymax>112</ymax>
        </bndbox>
    </object>
</annotation>