<annotation>
    <folder>the_office</folder>
    <filename>ryan (42).jpg</filename>
    <size>
        <width>237</width>
        <height>213</height>
        <depth>3</depth>
    </size>
    <segmented>0</segmented>
    <object>
        <name>Ryan Howard</name>
        <pose>Unspecified</pose>
        <truncated>0</truncated>
        <occluded>0</occluded>
        <difficult>0</difficult>
        <bndbox>
            <xmin>68</xmin>
            <ymin>7</ymin>
            <xmax>170</xmax>
            <ymax>124</ymax>
        </bndbox>
    </object>
</annotation>