<annotation>
    <folder>the_office</folder>
    <filename>ryan (28).jpg</filename>
    <size>
        <width>243</width>
        <height>208</height>
        <depth>3</depth>
    </size>
    <segmented>0</segmented>
    <object>
        <name>Ryan Howard</name>
        <pose>Unspecified</pose>
        <truncated>0</truncated>
        <occluded>0</occluded>
        <difficult>0</difficult>
        <bndbox>
            <xmin>52</xmin>
            <ymin>22</ymin>
            <xmax>116</xmax>
            <ymax>94</ymax>
        </bndbox>
    </object>
</annotation>