<annotation>
    <folder>the_office</folder>
    <filename>ryan (9).jpg</filename>
    <size>
        <width>304</width>
        <height>166</height>
        <depth>3</depth>
    </size>
    <segmented>0</segmented>
    <object>
        <name>Ryan Howard</name>
        <pose>Unspecified</pose>
        <truncated>0</truncated>
        <occluded>0</occluded>
        <difficult>0</difficult>
        <bndbox>
            <xmin>44</xmin>
            <ymin>12</ymin>
            <xmax>120</xmax>
            <ymax>106</ymax>
        </bndbox>
    </object>
</annotation>