<annotation>
    <folder>the_office</folder>
    <filename>ryan (2).jpg</filename>
    <size>
        <width>200</width>
        <height>251</height>
        <depth>3</depth>
    </size>
    <segmented>0</segmented>
    <object>
        <name>Ryan Howard</name>
        <pose>Unspecified</pose>
        <truncated>0</truncated>
        <occluded>0</occluded>
        <difficult>0</difficult>
        <bndbox>
            <xmin>46</xmin>
            <ymin>7</ymin>
            <xmax>159</xmax>
            <ymax>185</ymax>
        </bndbox>
    </object>
</annotation>