<annotation>
    <folder>the_office</folder>
    <filename>ryan (54).jpg</filename>
    <size>
        <width>276</width>
        <height>182</height>
        <depth>3</depth>
    </size>
    <segmented>0</segmented>
    <object>
        <name>Ryan Howard</name>
        <pose>Unspecified</pose>
        <truncated>0</truncated>
        <occluded>0</occluded>
        <difficult>0</difficult>
        <bndbox>
            <xmin>53</xmin>
            <ymin>21</ymin>
            <xmax>92</xmax>
            <ymax>67</ymax>
        </bndbox>
    </object>
</annotation>