<annotation>
    <folder>the_office</folder>
    <filename>ryan (95).jpg</filename>
    <size>
        <width>307</width>
        <height>164</height>
        <depth>3</depth>
    </size>
    <segmented>0</segmented>
    <object>
        <name>Ryan Howard</name>
        <pose>Unspecified</pose>
        <truncated>0</truncated>
        <occluded>0</occluded>
        <difficult>0</difficult>
        <bndbox>
            <xmin>154</xmin>
            <ymin>9</ymin>
            <xmax>199</xmax>
            <ymax>59</ymax>
        </bndbox>
    </object>
</annotation>