<annotation>
    <folder>the_office</folder>
    <filename>ryan (66).jpg</filename>
    <size>
        <width>275</width>
        <height>183</height>
        <depth>3</depth>
    </size>
    <segmented>0</segmented>
    <object>
        <name>Dwight Schrute</name>
        <pose>Unspecified</pose>
        <truncated>0</truncated>
        <occluded>0</occluded>
        <difficult>0</difficult>
        <bndbox>
            <xmin>83</xmin>
            <ymin>10</ymin>
            <xmax>126</xmax>
            <ymax>57</ymax>
        </bndbox>
    </object>
    <object>
        <name>Ryan Howard</name>
        <pose>Unspecified</pose>
        <truncated>0</truncated>
        <occluded>0</occluded>
        <difficult>0</difficult>
        <bndbox>
            <xmin>178</xmin>
            <ymin>26</ymin>
            <xmax>228</xmax>
            <ymax>74</ymax>
        </bndbox>
    </object>
</annotation>