<annotation>
    <folder>the_office</folder>
    <filename>ryan (69).jpg</filename>
    <size>
        <width>336</width>
        <height>150</height>
        <depth>3</depth>
    </size>
    <segmented>0</segmented>
    <object>
        <name>Michael Scott</name>
        <pose>Unspecified</pose>
        <truncated>0</truncated>
        <occluded>0</occluded>
        <difficult>0</difficult>
        <bndbox>
            <xmin>78</xmin>
            <ymin>5</ymin>
            <xmax>154</xmax>
            <ymax>131</ymax>
        </bndbox>
    </object>
</annotation>