<annotation>
    <folder>the_office</folder>
    <filename>ryan (90).jpg</filename>
    <size>
        <width>251</width>
        <height>201</height>
        <depth>3</depth>
    </size>
    <segmented>0</segmented>
    <object>
        <name>Ryan Howard</name>
        <pose>Unspecified</pose>
        <truncated>0</truncated>
        <occluded>0</occluded>
        <difficult>0</difficult>
        <bndbox>
            <xmin>86</xmin>
            <ymin>37</ymin>
            <xmax>174</xmax>
            <ymax>130</ymax>
        </bndbox>
    </object>
</annotation>