<annotation>
    <folder>the_office</folder>
    <filename>ryan (63).jpg</filename>
    <size>
        <width>334</width>
        <height>151</height>
        <depth>3</depth>
    </size>
    <segmented>0</segmented>
    <object>
        <name>Ryan Howard</name>
        <pose>Unspecified</pose>
        <truncated>0</truncated>
        <occluded>0</occluded>
        <difficult>0</difficult>
        <bndbox>
            <xmin>202</xmin>
            <ymin>7</ymin>
            <xmax>282</xmax>
            <ymax>107</ymax>
        </bndbox>
    </object>
    <object>
        <name>Ryan Howard</name>
        <pose>Unspecified</pose>
        <truncated>0</truncated>
        <occluded>0</occluded>
        <difficult>0</difficult>
        <bndbox>
            <xmin>26</xmin>
            <ymin>13</ymin>
            <xmax>106</xmax>
            <ymax>98</ymax>
        </bndbox>
    </object>
</annotation>