<annotation>
    <folder>the_office</folder>
    <filename>ryan (65).jpg</filename>
    <size>
        <width>217</width>
        <height>232</height>
        <depth>3</depth>
    </size>
    <segmented>0</segmented>
    <object>
        <name>Ryan Howard</name>
        <pose>Unspecified</pose>
        <truncated>0</truncated>
        <occluded>0</occluded>
        <difficult>0</difficult>
        <bndbox>
            <xmin>45</xmin>
            <ymin>23</ymin>
            <xmax>178</xmax>
            <ymax>206</ymax>
        </bndbox>
    </object>
</annotation>