<annotation>
    <folder>the_office</folder>
    <filename>ryan (92).jpg</filename>
    <size>
        <width>187</width>
        <height>270</height>
        <depth>3</depth>
    </size>
    <segmented>0</segmented>
    <object>
        <name>Ryan Howard</name>
        <pose>Unspecified</pose>
        <truncated>0</truncated>
        <occluded>0</occluded>
        <difficult>0</difficult>
        <bndbox>
            <xmin>50</xmin>
            <ymin>19</ymin>
            <xmax>127</xmax>
            <ymax>126</ymax>
        </bndbox>
    </object>
</annotation>