<annotation>
    <folder>the_office</folder>
    <filename>ryan (29).jpg</filename>
    <size>
        <width>160</width>
        <height>160</height>
        <depth>3</depth>
    </size>
    <segmented>0</segmented>
    <object>
        <name>Ryan Howard</name>
        <pose>Unspecified</pose>
        <truncated>0</truncated>
        <occluded>0</occluded>
        <difficult>0</difficult>
        <bndbox>
            <xmin>47</xmin>
            <ymin>5</ymin>
            <xmax>118</xmax>
            <ymax>98</ymax>
        </bndbox>
    </object>
</annotation>