<annotation>
    <folder>the_office</folder>
    <filename>ryan (50).jpg</filename>
    <size>
        <width>275</width>
        <height>183</height>
        <depth>3</depth>
    </size>
    <segmented>0</segmented>
    <object>
        <name>Ryan Howard</name>
        <pose>Unspecified</pose>
        <truncated>0</truncated>
        <occluded>0</occluded>
        <difficult>0</difficult>
        <bndbox>
            <xmin>159</xmin>
            <ymin>13</ymin>
            <xmax>229</xmax>
            <ymax>96</ymax>
        </bndbox>
    </object>
    <object>
        <name>Ryan Howard</name>
        <pose>Unspecified</pose>
        <truncated>0</truncated>
        <occluded>0</occluded>
        <difficult>0</difficult>
        <bndbox>
            <xmin>49</xmin>
            <ymin>16</ymin>
            <xmax>89</xmax>
            <ymax>69</ymax>
        </bndbox>
    </object>
</annotation>