<annotation>
    <folder>the_office</folder>
    <filename>ryan (39).jpg</filename>
    <size>
        <width>336</width>
        <height>150</height>
        <depth>3</depth>
    </size>
    <segmented>0</segmented>
    <object>
        <name>Ryan Howard</name>
        <pose>Unspecified</pose>
        <truncated>0</truncated>
        <occluded>0</occluded>
        <difficult>0</difficult>
        <bndbox>
            <xmin>118</xmin>
            <ymin>8</ymin>
            <xmax>191</xmax>
            <ymax>82</ymax>
        </bndbox>
    </object>
</annotation>