<annotation>
    <folder>the_office</folder>
    <filename>ryan (97).jpg</filename>
    <size>
        <width>213</width>
        <height>237</height>
        <depth>3</depth>
    </size>
    <segmented>0</segmented>
    <object>
        <name>Ryan Howard</name>
        <pose>Unspecified</pose>
        <truncated>0</truncated>
        <occluded>0</occluded>
        <difficult>0</difficult>
        <bndbox>
            <xmin>117</xmin>
            <ymin>123</ymin>
            <xmax>171</xmax>
            <ymax>182</ymax>
        </bndbox>
    </object>
    <object>
        <name>Ryan Howard</name>
        <pose>Unspecified</pose>
        <truncated>0</truncated>
        <occluded>0</occluded>
        <difficult>0</difficult>
        <bndbox>
            <xmin>112</xmin>
            <ymin>5</ymin>
            <xmax>173</xmax>
            <ymax>72</ymax>
        </bndbox>
    </object>
</annotation>