<annotation>
    <folder>the_office</folder>
    <filename>ryan (17).jpg</filename>
    <size>
        <width>281</width>
        <height>158</height>
        <depth>3</depth>
    </size>
    <segmented>0</segmented>
    <object>
        <name>Ryan Howard</name>
        <pose>Unspecified</pose>
        <truncated>0</truncated>
        <occluded>0</occluded>
        <difficult>0</difficult>
        <bndbox>
            <xmin>144</xmin>
            <ymin>9</ymin>
            <xmax>243</xmax>
            <ymax>111</ymax>
        </bndbox>
    </object>
</annotation>