<annotation>
    <folder>the_office</folder>
    <filename>ryan (1).jpg</filename>
    <size>
        <width>211</width>
        <height>181</height>
        <depth>3</depth>
    </size>
    <segmented>0</segmented>
    <object>
        <name>Ryan Howard</name>
        <pose>Unspecified</pose>
        <truncated>0</truncated>
        <occluded>0</occluded>
        <difficult>0</difficult>
        <bndbox>
            <xmin>67</xmin>
            <ymin>23</ymin>
            <xmax>119</xmax>
            <ymax>87</ymax>
        </bndbox>
    </object>
</annotation>