<annotation>
    <folder>the_office</folder>
    <filename>ryan (68).jpg</filename>
    <size>
        <width>275</width>
        <height>183</height>
        <depth>3</depth>
    </size>
    <segmented>0</segmented>
    <object>
        <name>Pam Beasley</name>
        <pose>Unspecified</pose>
        <truncated>0</truncated>
        <occluded>0</occluded>
        <difficult>0</difficult>
        <bndbox>
            <xmin>181</xmin>
            <ymin>83</ymin>
            <xmax>227</xmax>
            <ymax>135</ymax>
        </bndbox>
    </object>
    <object>
        <name>Ryan Howard</name>
        <pose>Unspecified</pose>
        <truncated>0</truncated>
        <occluded>0</occluded>
        <difficult>0</difficult>
        <bndbox>
            <xmin>58</xmin>
            <ymin>11</ymin>
            <xmax>104</xmax>
            <ymax>64</ymax>
        </bndbox>
    </object>
</annotation>