<annotation>
    <folder>the_office</folder>
    <filename>ryan (35).jpg</filename>
    <size>
        <width>220</width>
        <height>220</height>
        <depth>3</depth>
    </size>
    <segmented>0</segmented>
    <object>
        <name>Ryan Howard</name>
        <pose>Unspecified</pose>
        <truncated>0</truncated>
        <occluded>0</occluded>
        <difficult>0</difficult>
        <bndbox>
            <xmin>49</xmin>
            <ymin>14</ymin>
            <xmax>157</xmax>
            <ymax>150</ymax>
        </bndbox>
    </object>
</annotation>