<annotation>
    <folder>the_office</folder>
    <filename>ryan (41).jpg</filename>
    <size>
        <width>192</width>
        <height>262</height>
        <depth>3</depth>
    </size>
    <segmented>0</segmented>
    <object>
        <name>Ryan Howard</name>
        <pose>Unspecified</pose>
        <truncated>0</truncated>
        <occluded>0</occluded>
        <difficult>0</difficult>
        <bndbox>
            <xmin>35</xmin>
            <ymin>13</ymin>
            <xmax>155</xmax>
            <ymax>173</ymax>
        </bndbox>
    </object>
</annotation>