<annotation>
    <folder>the_office</folder>
    <filename>ryan (19).jpg</filename>
    <size>
        <width>259</width>
        <height>194</height>
        <depth>3</depth>
    </size>
    <segmented>0</segmented>
    <object>
        <name>Ryan Howard</name>
        <pose>Unspecified</pose>
        <truncated>0</truncated>
        <occluded>0</occluded>
        <difficult>0</difficult>
        <bndbox>
            <xmin>95</xmin>
            <ymin>35</ymin>
            <xmax>175</xmax>
            <ymax>101</ymax>
        </bndbox>
    </object>
</annotation>