<annotation>
    <folder>the_office</folder>
    <filename>ryan (57).jpg</filename>
    <size>
        <width>232</width>
        <height>218</height>
        <depth>3</depth>
    </size>
    <segmented>0</segmented>
    <object>
        <name>Ryan Howard</name>
        <pose>Unspecified</pose>
        <truncated>0</truncated>
        <occluded>0</occluded>
        <difficult>0</difficult>
        <bndbox>
            <xmin>108</xmin>
            <ymin>16</ymin>
            <xmax>177</xmax>
            <ymax>94</ymax>
        </bndbox>
    </object>
</annotation>