<annotation>
    <folder>the_office</folder>
    <filename>ryan (58).jpg</filename>
    <size>
        <width>236</width>
        <height>171</height>
        <depth>3</depth>
    </size>
    <segmented>0</segmented>
    <object>
        <name>Ryan Howard</name>
        <pose>Unspecified</pose>
        <truncated>0</truncated>
        <occluded>0</occluded>
        <difficult>0</difficult>
        <bndbox>
            <xmin>36</xmin>
            <ymin>8</ymin>
            <xmax>135</xmax>
            <ymax>134</ymax>
        </bndbox>
    </object>
</annotation>