<annotation>
    <folder>the_office</folder>
    <filename>ryan (93).jpg</filename>
    <size>
        <width>285</width>
        <height>177</height>
        <depth>3</depth>
    </size>
    <segmented>0</segmented>
    <object>
        <name>Ryan Howard</name>
        <pose>Unspecified</pose>
        <truncated>0</truncated>
        <occluded>0</occluded>
        <difficult>0</difficult>
        <bndbox>
            <xmin>24</xmin>
            <ymin>10</ymin>
            <xmax>105</xmax>
            <ymax>111</ymax>
        </bndbox>
    </object>
    <object>
        <name>Ryan Howard</name>
        <pose>Unspecified</pose>
        <truncated>0</truncated>
        <occluded>0</occluded>
        <difficult>0</difficult>
        <bndbox>
            <xmin>167</xmin>
            <ymin>16</ymin>
            <xmax>251</xmax>
            <ymax>124</ymax>
        </bndbox>
    </object>
</annotation>