<annotation>
    <folder>the_office</folder>
    <filename>ryan (12).jpg</filename>
    <size>
        <width>183</width>
        <height>275</height>
        <depth>3</depth>
    </size>
    <segmented>0</segmented>
    <object>
        <name>Ryan Howard</name>
        <pose>Unspecified</pose>
        <truncated>0</truncated>
        <occluded>0</occluded>
        <difficult>0</difficult>
        <bndbox>
            <xmin>21</xmin>
            <ymin>45</ymin>
            <xmax>171</xmax>
            <ymax>225</ymax>
        </bndbox>
    </object>
</annotation>