<annotation>
    <folder>the_office</folder>
    <filename>ryan (20).jpg</filename>
    <size>
        <width>174</width>
        <height>260</height>
        <depth>3</depth>
    </size>
    <segmented>0</segmented>
    <object>
        <name>Ryan Howard</name>
        <pose>Unspecified</pose>
        <truncated>0</truncated>
        <occluded>0</occluded>
        <difficult>0</difficult>
        <bndbox>
            <xmin>47</xmin>
            <ymin>24</ymin>
            <xmax>107</xmax>
            <ymax>105</ymax>
        </bndbox>
    </object>
</annotation>