<annotation>
    <folder>the_office</folder>
    <filename>ryan (36).jpg</filename>
    <size>
        <width>245</width>
        <height>138</height>
        <depth>3</depth>
    </size>
    <segmented>0</segmented>
    <object>
        <name>Ryan Howard</name>
        <pose>Unspecified</pose>
        <truncated>0</truncated>
        <occluded>0</occluded>
        <difficult>0</difficult>
        <bndbox>
            <xmin>70</xmin>
            <ymin>3</ymin>
            <xmax>130</xmax>
            <ymax>57</ymax>
        </bndbox>
    </object>
</annotation>