<annotation>
    <folder>the_office</folder>
    <filename>ryan (18).jpg</filename>
    <size>
        <width>312</width>
        <height>161</height>
        <depth>3</depth>
    </size>
    <segmented>0</segmented>
    <object>
        <name>Ryan Howard</name>
        <pose>Unspecified</pose>
        <truncated>0</truncated>
        <occluded>0</occluded>
        <difficult>0</difficult>
        <bndbox>
            <xmin>174</xmin>
            <ymin>14</ymin>
            <xmax>253</xmax>
            <ymax>120</ymax>
        </bndbox>
    </object>
</annotation>