<annotation>
    <folder>the_office</folder>
    <filename>ryan (15).jpg</filename>
    <size>
        <width>295</width>
        <height>171</height>
        <depth>3</depth>
    </size>
    <segmented>0</segmented>
    <object>
        <name>Ryan Howard</name>
        <pose>Unspecified</pose>
        <truncated>0</truncated>
        <occluded>0</occluded>
        <difficult>0</difficult>
        <bndbox>
            <xmin>53</xmin>
            <ymin>7</ymin>
            <xmax>149</xmax>
            <ymax>125</ymax>
        </bndbox>
    </object>
</annotation>