<annotation>
    <folder>the_office</folder>
    <filename>ryan (91).jpg</filename>
    <size>
        <width>309</width>
        <height>163</height>
        <depth>3</depth>
    </size>
    <segmented>0</segmented>
    <object>
        <name>Ryan Howard</name>
        <pose>Unspecified</pose>
        <truncated>0</truncated>
        <occluded>0</occluded>
        <difficult>0</difficult>
        <bndbox>
            <xmin>137</xmin>
            <ymin>13</ymin>
            <xmax>218</xmax>
            <ymax>98</ymax>
        </bndbox>
    </object>
</annotation>