<annotation>
    <folder>the_office</folder>
    <filename>ryan (23).jpg</filename>
    <size>
        <width>300</width>
        <height>168</height>
        <depth>3</depth>
    </size>
    <segmented>0</segmented>
    <object>
        <name>Ryan Howard</name>
        <pose>Unspecified</pose>
        <truncated>0</truncated>
        <occluded>0</occluded>
        <difficult>0</difficult>
        <bndbox>
            <xmin>142</xmin>
            <ymin>15</ymin>
            <xmax>236</xmax>
            <ymax>117</ymax>
        </bndbox>
    </object>
</annotation>