<annotation>
	<folder>train</folder>
	<filename>dwight (93).jpg</filename>
	<path>C:\Users\Administrator\Downloads\images\train\dwight (93).jpg</path>
	<source>
		<database>Unknown</database>
	</source>
	<size>
		<width>183</width>
		<height>275</height>
		<depth>3</depth>
	</size>
	<segmented>0</segmented>
	<object>
		<name>Dwight Schrute</name>
		<pose>Unspecified</pose>
		<truncated>0</truncated>
		<difficult>0</difficult>
		<bndbox>
			<xmin>35</xmin>
			<ymin>23</ymin>
			<xmax>129</xmax>
			<ymax>154</ymax>
		</bndbox>
	</object>
</annotation>
