<annotation>
	<folder>test</folder>
	<filename>dwight (97).jpg</filename>
	<path>C:\Users\Administrator\Downloads\images\test\dwight (97).jpg</path>
	<source>
		<database>Unknown</database>
	</source>
	<size>
		<width>300</width>
		<height>168</height>
		<depth>3</depth>
	</size>
	<segmented>0</segmented>
	<object>
		<name>Dwight Schrute</name>
		<pose>Unspecified</pose>
		<truncated>0</truncated>
		<difficult>0</difficult>
		<bndbox>
			<xmin>159</xmin>
			<ymin>16</ymin>
			<xmax>241</xmax>
			<ymax>116</ymax>
		</bndbox>
	</object>
</annotation>
