<annotation>
	<folder>train</folder>
	<filename>dwight (48).jpg</filename>
	<path>C:\Users\Administrator\Downloads\images\train\dwight (48).jpg</path>
	<source>
		<database>Unknown</database>
	</source>
	<size>
		<width>300</width>
		<height>168</height>
		<depth>3</depth>
	</size>
	<segmented>0</segmented>
	<object>
		<name>Dwight Schrute</name>
		<pose>Unspecified</pose>
		<truncated>0</truncated>
		<difficult>0</difficult>
		<bndbox>
			<xmin>167</xmin>
			<ymin>14</ymin>
			<xmax>250</xmax>
			<ymax>125</ymax>
		</bndbox>
	</object>
</annotation>
