<annotation>
	<folder>train</folder>
	<filename>dwight (51).jpg</filename>
	<path>C:\Users\Administrator\Downloads\images\train\dwight (51).jpg</path>
	<source>
		<database>Unknown</database>
	</source>
	<size>
		<width>275</width>
		<height>183</height>
		<depth>3</depth>
	</size>
	<segmented>0</segmented>
	<object>
		<name>Dwight Schrute</name>
		<pose>Unspecified</pose>
		<truncated>0</truncated>
		<difficult>0</difficult>
		<bndbox>
			<xmin>114</xmin>
			<ymin>5</ymin>
			<xmax>188</xmax>
			<ymax>100</ymax>
		</bndbox>
	</object>
</annotation>
