<annotation>
	<folder>train</folder>
	<filename>dwight (39).jpg</filename>
	<path>C:\Users\Administrator\Downloads\images\train\dwight (39).jpg</path>
	<source>
		<database>Unknown</database>
	</source>
	<size>
		<width>259</width>
		<height>194</height>
		<depth>3</depth>
	</size>
	<segmented>0</segmented>
	<object>
		<name>Dwight Schrute</name>
		<pose>Unspecified</pose>
		<truncated>0</truncated>
		<difficult>0</difficult>
		<bndbox>
			<xmin>63</xmin>
			<ymin>17</ymin>
			<xmax>177</xmax>
			<ymax>165</ymax>
		</bndbox>
	</object>
</annotation>
