<annotation>
	<folder>train</folder>
	<filename>dwight (87).jpg</filename>
	<path>C:\Users\Administrator\Downloads\images\train\dwight (87).jpg</path>
	<source>
		<database>Unknown</database>
	</source>
	<size>
		<width>250</width>
		<height>202</height>
		<depth>3</depth>
	</size>
	<segmented>0</segmented>
	<object>
		<name>Dwight Schrute</name>
		<pose>Unspecified</pose>
		<truncated>0</truncated>
		<difficult>0</difficult>
		<bndbox>
			<xmin>7</xmin>
			<ymin>5</ymin>
			<xmax>120</xmax>
			<ymax>155</ymax>
		</bndbox>
	</object>
</annotation>
