<annotation>
	<folder>train</folder>
	<filename>dwight (75).jpg</filename>
	<path>C:\Users\Administrator\Downloads\images\train\dwight (75).jpg</path>
	<source>
		<database>Unknown</database>
	</source>
	<size>
		<width>318</width>
		<height>159</height>
		<depth>3</depth>
	</size>
	<segmented>0</segmented>
	<object>
		<name>Dwight Schrute</name>
		<pose>Unspecified</pose>
		<truncated>0</truncated>
		<difficult>0</difficult>
		<bndbox>
			<xmin>171</xmin>
			<ymin>7</ymin>
			<xmax>240</xmax>
			<ymax>90</ymax>
		</bndbox>
	</object>
</annotation>
