<annotation>
	<folder>train</folder>
	<filename>dwight (18).jpg</filename>
	<path>C:\Users\Administrator\Downloads\images\train\dwight (18).jpg</path>
	<source>
		<database>Unknown</database>
	</source>
	<size>
		<width>263</width>
		<height>192</height>
		<depth>3</depth>
	</size>
	<segmented>0</segmented>
	<object>
		<name>Dwight Schrute</name>
		<pose>Unspecified</pose>
		<truncated>0</truncated>
		<difficult>0</difficult>
		<bndbox>
			<xmin>148</xmin>
			<ymin>2</ymin>
			<xmax>230</xmax>
			<ymax>114</ymax>
		</bndbox>
	</object>
</annotation>
