<annotation>
	<folder>train</folder>
	<filename>dwight (40).jpg</filename>
	<path>C:\Users\Administrator\Downloads\images\train\dwight (40).jpg</path>
	<source>
		<database>Unknown</database>
	</source>
	<size>
		<width>282</width>
		<height>179</height>
		<depth>3</depth>
	</size>
	<segmented>0</segmented>
	<object>
		<name>Dwight Schrute</name>
		<pose>Unspecified</pose>
		<truncated>0</truncated>
		<difficult>0</difficult>
		<bndbox>
			<xmin>111</xmin>
			<ymin>13</ymin>
			<xmax>178</xmax>
			<ymax>75</ymax>
		</bndbox>
	</object>
</annotation>
