<annotation>
	<folder>train</folder>
	<filename>dwight (42).jpg</filename>
	<path>C:\Users\Administrator\Downloads\images\train\dwight (42).jpg</path>
	<source>
		<database>Unknown</database>
	</source>
	<size>
		<width>289</width>
		<height>174</height>
		<depth>3</depth>
	</size>
	<segmented>0</segmented>
	<object>
		<name>Dwight Schrute</name>
		<pose>Unspecified</pose>
		<truncated>1</truncated>
		<difficult>0</difficult>
		<bndbox>
			<xmin>128</xmin>
			<ymin>5</ymin>
			<xmax>289</xmax>
			<ymax>167</ymax>
		</bndbox>
	</object>
</annotation>
