<annotation>
	<folder>train</folder>
	<filename>dwight (73).jpg</filename>
	<path>C:\Users\Administrator\Downloads\images\train\dwight (73).jpg</path>
	<source>
		<database>Unknown</database>
	</source>
	<size>
		<width>225</width>
		<height>225</height>
		<depth>3</depth>
	</size>
	<segmented>0</segmented>
	<object>
		<name>Dwight Schrute</name>
		<pose>Unspecified</pose>
		<truncated>1</truncated>
		<difficult>0</difficult>
		<bndbox>
			<xmin>1</xmin>
			<ymin>7</ymin>
			<xmax>81</xmax>
			<ymax>143</ymax>
		</bndbox>
	</object>
</annotation>
