<annotation>
	<folder>train</folder>
	<filename>dwight (55).jpg</filename>
	<path>C:\Users\Administrator\Downloads\images\train\dwight (55).jpg</path>
	<source>
		<database>Unknown</database>
	</source>
	<size>
		<width>218</width>
		<height>231</height>
		<depth>3</depth>
	</size>
	<segmented>0</segmented>
	<object>
		<name>Dwight Schrute</name>
		<pose>Unspecified</pose>
		<truncated>0</truncated>
		<difficult>0</difficult>
		<bndbox>
			<xmin>43</xmin>
			<ymin>12</ymin>
			<xmax>155</xmax>
			<ymax>150</ymax>
		</bndbox>
	</object>
</annotation>
