<annotation>
	<folder>train</folder>
	<filename>dwight (43).jpg</filename>
	<path>C:\Users\Administrator\Downloads\images\train\dwight (43).jpg</path>
	<source>
		<database>Unknown</database>
	</source>
	<size>
		<width>191</width>
		<height>263</height>
		<depth>3</depth>
	</size>
	<segmented>0</segmented>
	<object>
		<name>Dwight Schrute</name>
		<pose>Unspecified</pose>
		<truncated>0</truncated>
		<difficult>0</difficult>
		<bndbox>
			<xmin>48</xmin>
			<ymin>9</ymin>
			<xmax>135</xmax>
			<ymax>111</ymax>
		</bndbox>
	</object>
</annotation>
