<annotation>
	<folder>train</folder>
	<filename>dwight.jpg</filename>
	<path>C:\Users\Administrator\Downloads\images\train\dwight.jpg</path>
	<source>
		<database>Unknown</database>
	</source>
	<size>
		<width>189</width>
		<height>267</height>
		<depth>3</depth>
	</size>
	<segmented>0</segmented>
	<object>
		<name>Dwight Schrute</name>
		<pose>Unspecified</pose>
		<truncated>0</truncated>
		<difficult>0</difficult>
		<bndbox>
			<xmin>47</xmin>
			<ymin>20</ymin>
			<xmax>147</xmax>
			<ymax>143</ymax>
		</bndbox>
	</object>
</annotation>
