<annotation>
	<folder>train</folder>
	<filename>dwight (28).jpg</filename>
	<path>C:\Users\Administrator\Downloads\images\train\dwight (28).jpg</path>
	<source>
		<database>Unknown</database>
	</source>
	<size>
		<width>196</width>
		<height>257</height>
		<depth>3</depth>
	</size>
	<segmented>0</segmented>
	<object>
		<name>Dwight Schrute</name>
		<pose>Unspecified</pose>
		<truncated>0</truncated>
		<difficult>0</difficult>
		<bndbox>
			<xmin>79</xmin>
			<ymin>20</ymin>
			<xmax>132</xmax>
			<ymax>75</ymax>
		</bndbox>
	</object>
</annotation>
