<annotation>
	<folder>train</folder>
	<filename>dwight (92).jpg</filename>
	<path>C:\Users\Administrator\Downloads\images\train\dwight (92).jpg</path>
	<source>
		<database>Unknown</database>
	</source>
	<size>
		<width>274</width>
		<height>184</height>
		<depth>3</depth>
	</size>
	<segmented>0</segmented>
	<object>
		<name>Dwight Schrute</name>
		<pose>Unspecified</pose>
		<truncated>0</truncated>
		<difficult>0</difficult>
		<bndbox>
			<xmin>78</xmin>
			<ymin>19</ymin>
			<xmax>165</xmax>
			<ymax>116</ymax>
		</bndbox>
	</object>
</annotation>
