<annotation>
	<folder>train</folder>
	<filename>dwight (41).jpg</filename>
	<path>C:\Users\Administrator\Downloads\images\train\dwight (41).jpg</path>
	<source>
		<database>Unknown</database>
	</source>
	<size>
		<width>282</width>
		<height>179</height>
		<depth>3</depth>
	</size>
	<segmented>0</segmented>
	<object>
		<name>Dwight Schrute</name>
		<pose>Unspecified</pose>
		<truncated>0</truncated>
		<difficult>0</difficult>
		<bndbox>
			<xmin>50</xmin>
			<ymin>7</ymin>
			<xmax>104</xmax>
			<ymax>70</ymax>
		</bndbox>
	</object>
	<object>
		<name>Dwight Schrute</name>
		<pose>Unspecified</pose>
		<truncated>0</truncated>
		<difficult>0</difficult>
		<bndbox>
			<xmin>180</xmin>
			<ymin>9</ymin>
			<xmax>252</xmax>
			<ymax>101</ymax>
		</bndbox>
	</object>
</annotation>
