<annotation>
	<folder>train</folder>
	<filename>dwight (89).jpg</filename>
	<path>C:\Users\Administrator\Downloads\images\train\dwight (89).jpg</path>
	<source>
		<database>Unknown</database>
	</source>
	<size>
		<width>275</width>
		<height>183</height>
		<depth>3</depth>
	</size>
	<segmented>0</segmented>
	<object>
		<name>Dwight Schrute</name>
		<pose>Unspecified</pose>
		<truncated>0</truncated>
		<difficult>0</difficult>
		<bndbox>
			<xmin>94</xmin>
			<ymin>11</ymin>
			<xmax>192</xmax>
			<ymax>126</ymax>
		</bndbox>
	</object>
</annotation>
