<annotation>
	<folder>train</folder>
	<filename>dwight (76).jpg</filename>
	<path>C:\Users\Administrator\Downloads\images\train\dwight (76).jpg</path>
	<source>
		<database>Unknown</database>
	</source>
	<size>
		<width>225</width>
		<height>225</height>
		<depth>3</depth>
	</size>
	<segmented>0</segmented>
	<object>
		<name>Dwight Schrute</name>
		<pose>Unspecified</pose>
		<truncated>0</truncated>
		<difficult>0</difficult>
		<bndbox>
			<xmin>82</xmin>
			<ymin>2</ymin>
			<xmax>147</xmax>
			<ymax>79</ymax>
		</bndbox>
	</object>
</annotation>
