<annotation>
	<folder>test</folder>
	<filename>dwight (94).jpg</filename>
	<path>C:\Users\Administrator\Downloads\images\test\dwight (94).jpg</path>
	<source>
		<database>Unknown</database>
	</source>
	<size>
		<width>300</width>
		<height>168</height>
		<depth>3</depth>
	</size>
	<segmented>0</segmented>
	<object>
		<name>Dwight Schrute</name>
		<pose>Unspecified</pose>
		<truncated>0</truncated>
		<difficult>0</difficult>
		<bndbox>
			<xmin>152</xmin>
			<ymin>6</ymin>
			<xmax>201</xmax>
			<ymax>66</ymax>
		</bndbox>
	</object>
</annotation>
