<annotation>
	<folder>train</folder>
	<filename>dwight (70).jpg</filename>
	<path>C:\Users\Administrator\Downloads\images\train\dwight (70).jpg</path>
	<source>
		<database>Unknown</database>
	</source>
	<size>
		<width>224</width>
		<height>224</height>
		<depth>3</depth>
	</size>
	<segmented>0</segmented>
	<object>
		<name>Dwight Schrute</name>
		<pose>Unspecified</pose>
		<truncated>0</truncated>
		<difficult>0</difficult>
		<bndbox>
			<xmin>93</xmin>
			<ymin>19</ymin>
			<xmax>181</xmax>
			<ymax>119</ymax>
		</bndbox>
	</object>
</annotation>
