<annotation>
	<folder>train</folder>
	<filename>dwight (64).jpg</filename>
	<path>C:\Users\Administrator\Downloads\images\train\dwight (64).jpg</path>
	<source>
		<database>Unknown</database>
	</source>
	<size>
		<width>259</width>
		<height>194</height>
		<depth>3</depth>
	</size>
	<segmented>0</segmented>
	<object>
		<name>Dwight Schrute</name>
		<pose>Unspecified</pose>
		<truncated>0</truncated>
		<difficult>0</difficult>
		<bndbox>
			<xmin>128</xmin>
			<ymin>15</ymin>
			<xmax>237</xmax>
			<ymax>158</ymax>
		</bndbox>
	</object>
</annotation>
