<annotation>
	<folder>train</folder>
	<filename>dwight (19).jpg</filename>
	<path>C:\Users\Administrator\Downloads\images\train\dwight (19).jpg</path>
	<source>
		<database>Unknown</database>
	</source>
	<size>
		<width>268</width>
		<height>188</height>
		<depth>3</depth>
	</size>
	<segmented>0</segmented>
	<object>
		<name>Dwight Schrute</name>
		<pose>Unspecified</pose>
		<truncated>0</truncated>
		<difficult>0</difficult>
		<bndbox>
			<xmin>80</xmin>
			<ymin>6</ymin>
			<xmax>172</xmax>
			<ymax>127</ymax>
		</bndbox>
	</object>
</annotation>
