<annotation>
	<folder>train</folder>
	<filename>dwight (50).jpg</filename>
	<path>C:\Users\Administrator\Downloads\images\train\dwight (50).jpg</path>
	<source>
		<database>Unknown</database>
	</source>
	<size>
		<width>190</width>
		<height>265</height>
		<depth>3</depth>
	</size>
	<segmented>0</segmented>
	<object>
		<name>Dwight Schrute</name>
		<pose>Unspecified</pose>
		<truncated>0</truncated>
		<difficult>0</difficult>
		<bndbox>
			<xmin>58</xmin>
			<ymin>36</ymin>
			<xmax>135</xmax>
			<ymax>136</ymax>
		</bndbox>
	</object>
</annotation>
