<annotation>
	<folder>train</folder>
	<filename>dwight (14).jpg</filename>
	<path>C:\Users\Administrator\Downloads\images\train\dwight (14).jpg</path>
	<source>
		<database>Unknown</database>
	</source>
	<size>
		<width>220</width>
		<height>204</height>
		<depth>3</depth>
	</size>
	<segmented>0</segmented>
	<object>
		<name>Dwight Schrute</name>
		<pose>Unspecified</pose>
		<truncated>1</truncated>
		<difficult>0</difficult>
		<bndbox>
			<xmin>105</xmin>
			<ymin>1</ymin>
			<xmax>193</xmax>
			<ymax>103</ymax>
		</bndbox>
	</object>
</annotation>
