<annotation>
	<folder>train</folder>
	<filename>dwight (63).jpg</filename>
	<path>C:\Users\Administrator\Downloads\images\train\dwight (63).jpg</path>
	<source>
		<database>Unknown</database>
	</source>
	<size>
		<width>214</width>
		<height>236</height>
		<depth>3</depth>
	</size>
	<segmented>0</segmented>
	<object>
		<name>Dwight Schrute</name>
		<pose>Unspecified</pose>
		<truncated>0</truncated>
		<difficult>0</difficult>
		<bndbox>
			<xmin>92</xmin>
			<ymin>47</ymin>
			<xmax>146</xmax>
			<ymax>118</ymax>
		</bndbox>
	</object>
</annotation>
