<annotation>
	<folder>train</folder>
	<filename>dwight (20).jpg</filename>
	<path>C:\Users\Administrator\Downloads\images\train\dwight (20).jpg</path>
	<source>
		<database>Unknown</database>
	</source>
	<size>
		<width>296</width>
		<height>170</height>
		<depth>3</depth>
	</size>
	<segmented>0</segmented>
	<object>
		<name>Dwight Schrute</name>
		<pose>Unspecified</pose>
		<truncated>0</truncated>
		<difficult>0</difficult>
		<bndbox>
			<xmin>140</xmin>
			<ymin>12</ymin>
			<xmax>241</xmax>
			<ymax>118</ymax>
		</bndbox>
	</object>
</annotation>
