<annotation>
	<folder>train</folder>
	<filename>dwight (81).jpg</filename>
	<path>C:\Users\Administrator\Downloads\images\train\dwight (81).jpg</path>
	<source>
		<database>Unknown</database>
	</source>
	<size>
		<width>300</width>
		<height>168</height>
		<depth>3</depth>
	</size>
	<segmented>0</segmented>
	<object>
		<name>Dwight Schrute</name>
		<pose>Unspecified</pose>
		<truncated>1</truncated>
		<difficult>0</difficult>
		<bndbox>
			<xmin>194</xmin>
			<ymin>2</ymin>
			<xmax>300</xmax>
			<ymax>105</ymax>
		</bndbox>
	</object>
</annotation>
