<annotation>
	<folder>train</folder>
	<filename>dwight (45).jpg</filename>
	<path>C:\Users\Administrator\Downloads\images\train\dwight (45).jpg</path>
	<source>
		<database>Unknown</database>
	</source>
	<size>
		<width>184</width>
		<height>274</height>
		<depth>3</depth>
	</size>
	<segmented>0</segmented>
	<object>
		<name>Dwight Schrute</name>
		<pose>Unspecified</pose>
		<truncated>0</truncated>
		<difficult>0</difficult>
		<bndbox>
			<xmin>80</xmin>
			<ymin>9</ymin>
			<xmax>135</xmax>
			<ymax>67</ymax>
		</bndbox>
	</object>
</annotation>
