<annotation>
	<folder>train</folder>
	<filename>dwight (52).jpg</filename>
	<path>C:\Users\Administrator\Downloads\images\train\dwight (52).jpg</path>
	<source>
		<database>Unknown</database>
	</source>
	<size>
		<width>272</width>
		<height>185</height>
		<depth>3</depth>
	</size>
	<segmented>0</segmented>
	<object>
		<name>Dwight Schrute</name>
		<pose>Unspecified</pose>
		<truncated>0</truncated>
		<difficult>0</difficult>
		<bndbox>
			<xmin>146</xmin>
			<ymin>32</ymin>
			<xmax>219</xmax>
			<ymax>119</ymax>
		</bndbox>
	</object>
</annotation>
