<annotation>
	<folder>train</folder>
	<filename>dwight (84).jpg</filename>
	<path>C:\Users\Administrator\Downloads\images\train\dwight (84).jpg</path>
	<source>
		<database>Unknown</database>
	</source>
	<size>
		<width>214</width>
		<height>236</height>
		<depth>3</depth>
	</size>
	<segmented>0</segmented>
	<object>
		<name>Dwight Schrute</name>
		<pose>Unspecified</pose>
		<truncated>0</truncated>
		<difficult>0</difficult>
		<bndbox>
			<xmin>64</xmin>
			<ymin>25</ymin>
			<xmax>197</xmax>
			<ymax>202</ymax>
		</bndbox>
	</object>
</annotation>
