<annotation>
	<folder>train</folder>
	<filename>dwight (71).jpg</filename>
	<path>C:\Users\Administrator\Downloads\images\train\dwight (71).jpg</path>
	<source>
		<database>Unknown</database>
	</source>
	<size>
		<width>194</width>
		<height>260</height>
		<depth>3</depth>
	</size>
	<segmented>0</segmented>
	<object>
		<name>Dwight Schrute</name>
		<pose>Unspecified</pose>
		<truncated>0</truncated>
		<difficult>0</difficult>
		<bndbox>
			<xmin>54</xmin>
			<ymin>14</ymin>
			<xmax>129</xmax>
			<ymax>99</ymax>
		</bndbox>
	</object>
</annotation>
