<annotation>
	<folder>train</folder>
	<filename>dwight (36).jpg</filename>
	<path>C:\Users\Administrator\Downloads\images\train\dwight (36).jpg</path>
	<source>
		<database>Unknown</database>
	</source>
	<size>
		<width>293</width>
		<height>172</height>
		<depth>3</depth>
	</size>
	<segmented>0</segmented>
	<object>
		<name>Dwight Schrute</name>
		<pose>Unspecified</pose>
		<truncated>0</truncated>
		<difficult>0</difficult>
		<bndbox>
			<xmin>127</xmin>
			<ymin>9</ymin>
			<xmax>186</xmax>
			<ymax>70</ymax>
		</bndbox>
	</object>
</annotation>
