<annotation>
	<folder>train</folder>
	<filename>dwight (90).jpg</filename>
	<path>C:\Users\Administrator\Downloads\images\train\dwight (90).jpg</path>
	<source>
		<database>Unknown</database>
	</source>
	<size>
		<width>294</width>
		<height>172</height>
		<depth>3</depth>
	</size>
	<segmented>0</segmented>
	<object>
		<name>Dwight Schrute</name>
		<pose>Unspecified</pose>
		<truncated>1</truncated>
		<difficult>0</difficult>
		<bndbox>
			<xmin>69</xmin>
			<ymin>1</ymin>
			<xmax>122</xmax>
			<ymax>48</ymax>
		</bndbox>
	</object>
</annotation>
