<annotation>
	<folder>train</folder>
	<filename>dwight (29).jpg</filename>
	<path>C:\Users\Administrator\Downloads\images\train\dwight (29).jpg</path>
	<source>
		<database>Unknown</database>
	</source>
	<size>
		<width>229</width>
		<height>220</height>
		<depth>3</depth>
	</size>
	<segmented>0</segmented>
	<object>
		<name>Dwight Schrute</name>
		<pose>Unspecified</pose>
		<truncated>0</truncated>
		<difficult>0</difficult>
		<bndbox>
			<xmin>60</xmin>
			<ymin>6</ymin>
			<xmax>167</xmax>
			<ymax>139</ymax>
		</bndbox>
	</object>
</annotation>
