<annotation>
	<folder>test</folder>
	<filename>dwight (96).jpg</filename>
	<path>C:\Users\Administrator\Downloads\images\test\dwight (96).jpg</path>
	<source>
		<database>Unknown</database>
	</source>
	<size>
		<width>414</width>
		<height>122</height>
		<depth>3</depth>
	</size>
	<segmented>0</segmented>
	<object>
		<name>Dwight Schrute</name>
		<pose>Unspecified</pose>
		<truncated>1</truncated>
		<difficult>0</difficult>
		<bndbox>
			<xmin>119</xmin>
			<ymin>1</ymin>
			<xmax>266</xmax>
			<ymax>122</ymax>
		</bndbox>
	</object>
</annotation>
