<annotation>
	<folder>test</folder>
	<filename>dwight (95).jpg</filename>
	<path>C:\Users\Administrator\Downloads\images\test\dwight (95).jpg</path>
	<source>
		<database>Unknown</database>
	</source>
	<size>
		<width>300</width>
		<height>168</height>
		<depth>3</depth>
	</size>
	<segmented>0</segmented>
	<object>
		<name>Dwight Schrute</name>
		<pose>Unspecified</pose>
		<truncated>0</truncated>
		<difficult>0</difficult>
		<bndbox>
			<xmin>103</xmin>
			<ymin>2</ymin>
			<xmax>291</xmax>
			<ymax>156</ymax>
		</bndbox>
	</object>
</annotation>
