<annotation>
	<folder>train</folder>
	<filename>dwight (12).jpg</filename>
	<path>C:\Users\Administrator\Downloads\images\train\dwight (12).jpg</path>
	<source>
		<database>Unknown</database>
	</source>
	<size>
		<width>300</width>
		<height>168</height>
		<depth>3</depth>
	</size>
	<segmented>0</segmented>
	<object>
		<name>Dwight Schrute</name>
		<pose>Unspecified</pose>
		<truncated>0</truncated>
		<difficult>0</difficult>
		<bndbox>
			<xmin>100</xmin>
			<ymin>4</ymin>
			<xmax>195</xmax>
			<ymax>106</ymax>
		</bndbox>
	</object>
</annotation>
