<annotation>
	<folder>train</folder>
	<filename>dwight (53).jpg</filename>
	<path>C:\Users\Administrator\Downloads\images\train\dwight (53).jpg</path>
	<source>
		<database>Unknown</database>
	</source>
	<size>
		<width>203</width>
		<height>248</height>
		<depth>3</depth>
	</size>
	<segmented>0</segmented>
	<object>
		<name>Dwight Schrute</name>
		<pose>Unspecified</pose>
		<truncated>0</truncated>
		<difficult>0</difficult>
		<bndbox>
			<xmin>32</xmin>
			<ymin>6</ymin>
			<xmax>134</xmax>
			<ymax>139</ymax>
		</bndbox>
	</object>
</annotation>
