<annotation>
	<folder>train</folder>
	<filename>dwight (66).jpg</filename>
	<path>C:\Users\Administrator\Downloads\images\train\dwight (66).jpg</path>
	<source>
		<database>Unknown</database>
	</source>
	<size>
		<width>245</width>
		<height>175</height>
		<depth>3</depth>
	</size>
	<segmented>0</segmented>
	<object>
		<name>Dwight Schrute</name>
		<pose>Unspecified</pose>
		<truncated>1</truncated>
		<difficult>0</difficult>
		<bndbox>
			<xmin>96</xmin>
			<ymin>1</ymin>
			<xmax>233</xmax>
			<ymax>145</ymax>
		</bndbox>
	</object>
</annotation>
