<annotation>
	<folder>train</folder>
	<filename>jim (25).jpg</filename>
	<path>C:\Users\Administrator\Downloads\images\train\jim (25).jpg</path>
	<source>
		<database>Unknown</database>
	</source>
	<size>
		<width>213</width>
		<height>213</height>
		<depth>3</depth>
	</size>
	<segmented>0</segmented>
	<object>
		<name>Jim Halpert</name>
		<pose>Unspecified</pose>
		<truncated>0</truncated>
		<difficult>0</difficult>
		<bndbox>
			<xmin>52</xmin>
			<ymin>4</ymin>
			<xmax>169</xmax>
			<ymax>149</ymax>
		</bndbox>
	</object>
</annotation>
