<annotation>
	<folder>train</folder>
	<filename>jim (17).jpg</filename>
	<path>C:\Users\Administrator\Downloads\images\train\jim (17).jpg</path>
	<source>
		<database>Unknown</database>
	</source>
	<size>
		<width>300</width>
		<height>168</height>
		<depth>3</depth>
	</size>
	<segmented>0</segmented>
	<object>
		<name>Jim Halpert</name>
		<pose>Unspecified</pose>
		<truncated>0</truncated>
		<difficult>0</difficult>
		<bndbox>
			<xmin>113</xmin>
			<ymin>5</ymin>
			<xmax>237</xmax>
			<ymax>126</ymax>
		</bndbox>
	</object>
</annotation>
