<annotation>
	<folder>train</folder>
	<filename>jim (19).jpg</filename>
	<path>C:\Users\Administrator\Downloads\images\train\jim (19).jpg</path>
	<source>
		<database>Unknown</database>
	</source>
	<size>
		<width>225</width>
		<height>225</height>
		<depth>3</depth>
	</size>
	<segmented>0</segmented>
	<object>
		<name>Jim Halpert</name>
		<pose>Unspecified</pose>
		<truncated>0</truncated>
		<difficult>0</difficult>
		<bndbox>
			<xmin>62</xmin>
			<ymin>20</ymin>
			<xmax>161</xmax>
			<ymax>134</ymax>
		</bndbox>
	</object>
</annotation>
