<annotation>
	<folder>train</folder>
	<filename>jim (93).jpg</filename>
	<path>C:\Users\Administrator\Downloads\images\train\jim (93).jpg</path>
	<source>
		<database>Unknown</database>
	</source>
	<size>
		<width>257</width>
		<height>196</height>
		<depth>3</depth>
	</size>
	<segmented>0</segmented>
	<object>
		<name>Jim Halpert</name>
		<pose>Unspecified</pose>
		<truncated>1</truncated>
		<difficult>0</difficult>
		<bndbox>
			<xmin>56</xmin>
			<ymin>1</ymin>
			<xmax>223</xmax>
			<ymax>181</ymax>
		</bndbox>
	</object>
</annotation>
