<annotation>
	<folder>train</folder>
	<filename>jim (13).jpg</filename>
	<path>C:\Users\Administrator\Downloads\images\train\jim (13).jpg</path>
	<source>
		<database>Unknown</database>
	</source>
	<size>
		<width>299</width>
		<height>169</height>
		<depth>3</depth>
	</size>
	<segmented>0</segmented>
	<object>
		<name>Jim Halpert</name>
		<pose>Unspecified</pose>
		<truncated>0</truncated>
		<difficult>0</difficult>
		<bndbox>
			<xmin>59</xmin>
			<ymin>9</ymin>
			<xmax>157</xmax>
			<ymax>116</ymax>
		</bndbox>
	</object>
</annotation>
