<annotation>
	<folder>train</folder>
	<filename>jim (24).jpg</filename>
	<path>C:\Users\Administrator\Downloads\images\train\jim (24).jpg</path>
	<source>
		<database>Unknown</database>
	</source>
	<size>
		<width>299</width>
		<height>168</height>
		<depth>3</depth>
	</size>
	<segmented>0</segmented>
	<object>
		<name>Jim Halpert</name>
		<pose>Unspecified</pose>
		<truncated>0</truncated>
		<difficult>0</difficult>
		<bndbox>
			<xmin>148</xmin>
			<ymin>8</ymin>
			<xmax>236</xmax>
			<ymax>108</ymax>
		</bndbox>
	</object>
</annotation>
