<annotation>
	<folder>train</folder>
	<filename>jim (35).jpg</filename>
	<path>C:\Users\Administrator\Downloads\images\train\jim (35).jpg</path>
	<source>
		<database>Unknown</database>
	</source>
	<size>
		<width>200</width>
		<height>200</height>
		<depth>3</depth>
	</size>
	<segmented>0</segmented>
	<object>
		<name>Jim Halpert</name>
		<pose>Unspecified</pose>
		<truncated>0</truncated>
		<difficult>0</difficult>
		<bndbox>
			<xmin>85</xmin>
			<ymin>11</ymin>
			<xmax>186</xmax>
			<ymax>130</ymax>
		</bndbox>
	</object>
</annotation>
