<annotation>
	<folder>train</folder>
	<filename>jim (5).jpg</filename>
	<path>C:\Users\Administrator\Downloads\images\train\jim (5).jpg</path>
	<source>
		<database>Unknown</database>
	</source>
	<size>
		<width>194</width>
		<height>259</height>
		<depth>3</depth>
	</size>
	<segmented>0</segmented>
	<object>
		<name>Jim Halpert</name>
		<pose>Unspecified</pose>
		<truncated>0</truncated>
		<difficult>0</difficult>
		<bndbox>
			<xmin>93</xmin>
			<ymin>26</ymin>
			<xmax>145</xmax>
			<ymax>79</ymax>
		</bndbox>
	</object>
</annotation>
