<annotation>
	<folder>train</folder>
	<filename>jim (85).jpg</filename>
	<path>C:\Users\Administrator\Downloads\images\train\jim (85).jpg</path>
	<source>
		<database>Unknown</database>
	</source>
	<size>
		<width>278</width>
		<height>181</height>
		<depth>3</depth>
	</size>
	<segmented>0</segmented>
	<object>
		<name>Jim Halpert</name>
		<pose>Unspecified</pose>
		<truncated>0</truncated>
		<difficult>0</difficult>
		<bndbox>
			<xmin>95</xmin>
			<ymin>2</ymin>
			<xmax>152</xmax>
			<ymax>61</ymax>
		</bndbox>
	</object>
</annotation>
