<annotation>
	<folder>train</folder>
	<filename>jim (61).jpg</filename>
	<path>C:\Users\Administrator\Downloads\images\train\jim (61).jpg</path>
	<source>
		<database>Unknown</database>
	</source>
	<size>
		<width>188</width>
		<height>268</height>
		<depth>3</depth>
	</size>
	<segmented>0</segmented>
	<object>
		<name>Jim Halpert</name>
		<pose>Unspecified</pose>
		<truncated>0</truncated>
		<difficult>0</difficult>
		<bndbox>
			<xmin>31</xmin>
			<ymin>20</ymin>
			<xmax>134</xmax>
			<ymax>134</ymax>
		</bndbox>
	</object>
</annotation>
