<annotation>
	<folder>train</folder>
	<filename>jim (52).jpg</filename>
	<path>C:\Users\Administrator\Downloads\images\train\jim (52).jpg</path>
	<source>
		<database>Unknown</database>
	</source>
	<size>
		<width>301</width>
		<height>167</height>
		<depth>3</depth>
	</size>
	<segmented>0</segmented>
	<object>
		<name>Jim Halpert</name>
		<pose>Unspecified</pose>
		<truncated>0</truncated>
		<difficult>0</difficult>
		<bndbox>
			<xmin>175</xmin>
			<ymin>18</ymin>
			<xmax>250</xmax>
			<ymax>90</ymax>
		</bndbox>
	</object>
	<object>
		<name>Dwight Schrute</name>
		<pose>Unspecified</pose>
		<truncated>0</truncated>
		<difficult>0</difficult>
		<bndbox>
			<xmin>59</xmin>
			<ymin>15</ymin>
			<xmax>125</xmax>
			<ymax>94</ymax>
		</bndbox>
	</object>
</annotation>
