<annotation>
	<folder>train</folder>
	<filename>jim (21).jpg</filename>
	<path>C:\Users\Administrator\Downloads\images\train\jim (21).jpg</path>
	<source>
		<database>Unknown</database>
	</source>
	<size>
		<width>324</width>
		<height>156</height>
		<depth>3</depth>
	</size>
	<segmented>0</segmented>
	<object>
		<name>Jim Halpert</name>
		<pose>Unspecified</pose>
		<truncated>0</truncated>
		<difficult>0</difficult>
		<bndbox>
			<xmin>118</xmin>
			<ymin>5</ymin>
			<xmax>186</xmax>
			<ymax>73</ymax>
		</bndbox>
	</object>
</annotation>
