<annotation>
	<folder>train</folder>
	<filename>jim (86).jpg</filename>
	<path>C:\Users\Administrator\Downloads\images\train\jim (86).jpg</path>
	<source>
		<database>Unknown</database>
	</source>
	<size>
		<width>224</width>
		<height>224</height>
		<depth>3</depth>
	</size>
	<segmented>0</segmented>
	<object>
		<name>Jim Halpert</name>
		<pose>Unspecified</pose>
		<truncated>0</truncated>
		<difficult>0</difficult>
		<bndbox>
			<xmin>137</xmin>
			<ymin>78</ymin>
			<xmax>218</xmax>
			<ymax>174</ymax>
		</bndbox>
	</object>
	<object>
		<name>Pam Beasley</name>
		<pose>Unspecified</pose>
		<truncated>0</truncated>
		<difficult>0</difficult>
		<bndbox>
			<xmin>12</xmin>
			<ymin>17</ymin>
			<xmax>86</xmax>
			<ymax>100</ymax>
		</bndbox>
	</object>
</annotation>
