<annotation>
	<folder>train</folder>
	<filename>jim (1).jpg</filename>
	<path>C:\Users\Administrator\Downloads\images\train\jim (1).jpg</path>
	<source>
		<database>Unknown</database>
	</source>
	<size>
		<width>275</width>
		<height>183</height>
		<depth>3</depth>
	</size>
	<segmented>0</segmented>
	<object>
		<name>Jim Halpert</name>
		<pose>Unspecified</pose>
		<truncated>0</truncated>
		<difficult>0</difficult>
		<bndbox>
			<xmin>90</xmin>
			<ymin>2</ymin>
			<xmax>205</xmax>
			<ymax>137</ymax>
		</bndbox>
	</object>
</annotation>
