<annotation>
	<folder>train</folder>
	<filename>jim (43).jpg</filename>
	<path>C:\Users\Administrator\Downloads\images\train\jim (43).jpg</path>
	<source>
		<database>Unknown</database>
	</source>
	<size>
		<width>183</width>
		<height>275</height>
		<depth>3</depth>
	</size>
	<segmented>0</segmented>
	<object>
		<name>Jim Halpert</name>
		<pose>Unspecified</pose>
		<truncated>0</truncated>
		<difficult>0</difficult>
		<bndbox>
			<xmin>56</xmin>
			<ymin>32</ymin>
			<xmax>123</xmax>
			<ymax>107</ymax>
		</bndbox>
	</object>
</annotation>
