<annotation>
	<folder>train</folder>
	<filename>jim (71).jpg</filename>
	<path>C:\Users\Administrator\Downloads\images\train\jim (71).jpg</path>
	<source>
		<database>Unknown</database>
	</source>
	<size>
		<width>318</width>
		<height>159</height>
		<depth>3</depth>
	</size>
	<segmented>0</segmented>
	<object>
		<name>Jim Halpert</name>
		<pose>Unspecified</pose>
		<truncated>1</truncated>
		<difficult>0</difficult>
		<bndbox>
			<xmin>83</xmin>
			<ymin>1</ymin>
			<xmax>201</xmax>
			<ymax>137</ymax>
		</bndbox>
	</object>
</annotation>
