<annotation>
	<folder>train</folder>
	<filename>jim (48).jpg</filename>
	<path>C:\Users\Administrator\Downloads\images\train\jim (48).jpg</path>
	<source>
		<database>Unknown</database>
	</source>
	<size>
		<width>309</width>
		<height>163</height>
		<depth>3</depth>
	</size>
	<segmented>0</segmented>
	<object>
		<name>Jim Halpert</name>
		<pose>Unspecified</pose>
		<truncated>0</truncated>
		<difficult>0</difficult>
		<bndbox>
			<xmin>63</xmin>
			<ymin>7</ymin>
			<xmax>183</xmax>
			<ymax>119</ymax>
		</bndbox>
	</object>
</annotation>
