<annotation>
	<folder>train</folder>
	<filename>jim (18).jpg</filename>
	<path>C:\Users\Administrator\Downloads\images\train\jim (18).jpg</path>
	<source>
		<database>Unknown</database>
	</source>
	<size>
		<width>301</width>
		<height>167</height>
		<depth>3</depth>
	</size>
	<segmented>0</segmented>
	<object>
		<name>Jim Halpert</name>
		<pose>Unspecified</pose>
		<truncated>0</truncated>
		<difficult>0</difficult>
		<bndbox>
			<xmin>93</xmin>
			<ymin>13</ymin>
			<xmax>154</xmax>
			<ymax>80</ymax>
		</bndbox>
	</object>
</annotation>
