<annotation>
	<folder>train</folder>
	<filename>jim (32).jpg</filename>
	<path>C:\Users\Administrator\Downloads\images\train\jim (32).jpg</path>
	<source>
		<database>Unknown</database>
	</source>
	<size>
		<width>259</width>
		<height>194</height>
		<depth>3</depth>
	</size>
	<segmented>0</segmented>
	<object>
		<name>Jim Halpert</name>
		<pose>Unspecified</pose>
		<truncated>0</truncated>
		<difficult>0</difficult>
		<bndbox>
			<xmin>130</xmin>
			<ymin>25</ymin>
			<xmax>203</xmax>
			<ymax>117</ymax>
		</bndbox>
	</object>
</annotation>
