<annotation>
	<folder>train</folder>
	<filename>jim (11).jpg</filename>
	<path>C:\Users\Administrator\Downloads\images\train\jim (11).jpg</path>
	<source>
		<database>Unknown</database>
	</source>
	<size>
		<width>318</width>
		<height>159</height>
		<depth>3</depth>
	</size>
	<segmented>0</segmented>
	<object>
		<name>Jim Halpert</name>
		<pose>Unspecified</pose>
		<truncated>0</truncated>
		<difficult>0</difficult>
		<bndbox>
			<xmin>162</xmin>
			<ymin>4</ymin>
			<xmax>268</xmax>
			<ymax>123</ymax>
		</bndbox>
	</object>
</annotation>
