<annotation>
	<folder>test</folder>
	<filename>jim (96).jpg</filename>
	<path>C:\Users\Administrator\Downloads\images\test\jim (96).jpg</path>
	<source>
		<database>Unknown</database>
	</source>
	<size>
		<width>318</width>
		<height>158</height>
		<depth>3</depth>
	</size>
	<segmented>0</segmented>
	<object>
		<name>Jim Halpert</name>
		<pose>Unspecified</pose>
		<truncated>0</truncated>
		<difficult>0</difficult>
		<bndbox>
			<xmin>160</xmin>
			<ymin>7</ymin>
			<xmax>259</xmax>
			<ymax>128</ymax>
		</bndbox>
	</object>
</annotation>
