<annotation>
	<folder>train</folder>
	<filename>jim (22).jpg</filename>
	<path>C:\Users\Administrator\Downloads\images\train\jim (22).jpg</path>
	<source>
		<database>Unknown</database>
	</source>
	<size>
		<width>275</width>
		<height>183</height>
		<depth>3</depth>
	</size>
	<segmented>0</segmented>
	<object>
		<name>Jim Halpert</name>
		<pose>Unspecified</pose>
		<truncated>0</truncated>
		<difficult>0</difficult>
		<bndbox>
			<xmin>91</xmin>
			<ymin>7</ymin>
			<xmax>178</xmax>
			<ymax>112</ymax>
		</bndbox>
	</object>
</annotation>
