<annotation>
	<folder>test</folder>
	<filename>jim (98).jpg</filename>
	<path>C:\Users\Administrator\Downloads\images\test\jim (98).jpg</path>
	<source>
		<database>Unknown</database>
	</source>
	<size>
		<width>272</width>
		<height>160</height>
		<depth>3</depth>
	</size>
	<segmented>0</segmented>
	<object>
		<name>Jim Halpert</name>
		<pose>Unspecified</pose>
		<truncated>0</truncated>
		<difficult>0</difficult>
		<bndbox>
			<xmin>65</xmin>
			<ymin>8</ymin>
			<xmax>144</xmax>
			<ymax>99</ymax>
		</bndbox>
	</object>
</annotation>
