<annotation>
	<folder>train</folder>
	<filename>jim (40).jpg</filename>
	<path>C:\Users\Administrator\Downloads\images\train\jim (40).jpg</path>
	<source>
		<database>Unknown</database>
	</source>
	<size>
		<width>201</width>
		<height>251</height>
		<depth>3</depth>
	</size>
	<segmented>0</segmented>
	<object>
		<name>Jim Halpert</name>
		<pose>Unspecified</pose>
		<truncated>0</truncated>
		<difficult>0</difficult>
		<bndbox>
			<xmin>10</xmin>
			<ymin>3</ymin>
			<xmax>200</xmax>
			<ymax>250</ymax>
		</bndbox>
	</object>
</annotation>
