<annotation>
	<folder>train</folder>
	<filename>michael (17).jpg</filename>
	<path>C:\Users\Administrator\Downloads\images\train\michael (17).jpg</path>
	<source>
		<database>Unknown</database>
	</source>
	<size>
		<width>301</width>
		<height>167</height>
		<depth>3</depth>
	</size>
	<segmented>0</segmented>
	<object>
		<name>Michael Scott</name>
		<pose>Unspecified</pose>
		<truncated>0</truncated>
		<difficult>0</difficult>
		<bndbox>
			<xmin>141</xmin>
			<ymin>3</ymin>
			<xmax>262</xmax>
			<ymax>141</ymax>
		</bndbox>
	</object>
</annotation>
