<annotation>
	<folder>train</folder>
	<filename>michael (13).jpg</filename>
	<path>C:\Users\Administrator\Downloads\images\train\michael (13).jpg</path>
	<source>
		<database>Unknown</database>
	</source>
	<size>
		<width>293</width>
		<height>172</height>
		<depth>3</depth>
	</size>
	<segmented>0</segmented>
	<object>
		<name>Michael Scott</name>
		<pose>Unspecified</pose>
		<truncated>0</truncated>
		<difficult>0</difficult>
		<bndbox>
			<xmin>104</xmin>
			<ymin>9</ymin>
			<xmax>204</xmax>
			<ymax>132</ymax>
		</bndbox>
	</object>
</annotation>
