<annotation>
	<folder>train</folder>
	<filename>michael (11).jpg</filename>
	<path>C:\Users\Administrator\Downloads\images\train\michael (11).jpg</path>
	<source>
		<database>Unknown</database>
	</source>
	<size>
		<width>246</width>
		<height>205</height>
		<depth>3</depth>
	</size>
	<segmented>0</segmented>
	<object>
		<name>Michael Scott</name>
		<pose>Unspecified</pose>
		<truncated>0</truncated>
		<difficult>0</difficult>
		<bndbox>
			<xmin>47</xmin>
			<ymin>16</ymin>
			<xmax>158</xmax>
			<ymax>151</ymax>
		</bndbox>
	</object>
</annotation>
