<annotation>
	<folder>train</folder>
	<filename>michael (15).jpg</filename>
	<path>C:\Users\Administrator\Downloads\images\train\michael (15).jpg</path>
	<source>
		<database>Unknown</database>
	</source>
	<size>
		<width>194</width>
		<height>259</height>
		<depth>3</depth>
	</size>
	<segmented>0</segmented>
	<object>
		<name>Michael Scott</name>
		<pose>Unspecified</pose>
		<truncated>0</truncated>
		<difficult>0</difficult>
		<bndbox>
			<xmin>58</xmin>
			<ymin>4</ymin>
			<xmax>135</xmax>
			<ymax>81</ymax>
		</bndbox>
	</object>
</annotation>
