<annotation>
	<folder>train</folder>
	<filename>michael (16).jpg</filename>
	<path>C:\Users\Administrator\Downloads\images\train\michael (16).jpg</path>
	<source>
		<database>Unknown</database>
	</source>
	<size>
		<width>300</width>
		<height>168</height>
		<depth>3</depth>
	</size>
	<segmented>0</segmented>
	<object>
		<name>Michael Scott</name>
		<pose>Unspecified</pose>
		<truncated>0</truncated>
		<difficult>0</difficult>
		<bndbox>
			<xmin>154</xmin>
			<ymin>9</ymin>
			<xmax>240</xmax>
			<ymax>107</ymax>
		</bndbox>
	</object>
</annotation>
