<annotation>
	<folder>train</folder>
	<filename>michael (14).jpg</filename>
	<path>C:\Users\Administrator\Downloads\images\train\michael (14).jpg</path>
	<source>
		<database>Unknown</database>
	</source>
	<size>
		<width>310</width>
		<height>163</height>
		<depth>3</depth>
	</size>
	<segmented>0</segmented>
	<object>
		<name>Michael Scott</name>
		<pose>Unspecified</pose>
		<truncated>0</truncated>
		<difficult>0</difficult>
		<bndbox>
			<xmin>50</xmin>
			<ymin>7</ymin>
			<xmax>151</xmax>
			<ymax>130</ymax>
		</bndbox>
	</object>
</annotation>
