<annotation>
	<folder>train</folder>
	<filename>michael (10).jpg</filename>
	<path>C:\Users\Administrator\Downloads\images\train\michael (10).jpg</path>
	<source>
		<database>Unknown</database>
	</source>
	<size>
		<width>290</width>
		<height>174</height>
		<depth>3</depth>
	</size>
	<segmented>0</segmented>
	<object>
		<name>Michael Scott</name>
		<pose>Unspecified</pose>
		<truncated>0</truncated>
		<difficult>0</difficult>
		<bndbox>
			<xmin>66</xmin>
			<ymin>11</ymin>
			<xmax>151</xmax>
			<ymax>109</ymax>
		</bndbox>
	</object>
</annotation>
