<annotation>
	<folder>train</folder>
	<filename>michael (12).jpg</filename>
	<path>C:\Users\Administrator\Downloads\images\train\michael (12).jpg</path>
	<source>
		<database>Unknown</database>
	</source>
	<size>
		<width>259</width>
		<height>194</height>
		<depth>3</depth>
	</size>
	<segmented>0</segmented>
	<object>
		<name>Michael Scott</name>
		<pose>Unspecified</pose>
		<truncated>0</truncated>
		<difficult>0</difficult>
		<bndbox>
			<xmin>89</xmin>
			<ymin>23</ymin>
			<xmax>168</xmax>
			<ymax>113</ymax>
		</bndbox>
	</object>
</annotation>
